==================== 2026-04-03T16:19:43.218703Z | 019d5424-ade5-7870-b5c1-40e71783c2dd ====================
16:19:43.221520 [info ]: Installing dbt project and profile setup
16:19:43.223948 [info ]: Warning A dbt_project.yml already exists in this directory; skipping sample project creation.
16:19:43.225754 [info ]: Info Created .vscode/extensions.json with dbt extension recommendation
16:19:43.228460 [info ]: Info Setting up your profile...
16:19:43.234648 [info ]: Info Creating new profile...
16:19:51.902715 [info ]: No dbt_cloud.yml found - proceeding without cloud pre-population
16:22:57.461251 [info ]: Success Profile written to /Users/tayfoorahmed/.dbt/profiles.yml
16:22:57.462312 [info ]: Validating profile inputs, adapters, and connection

16:22:57.462772 [info ]: dbt-fusion 2.0.0-preview.154
16:22:57.465098 [info ]: Started loading project
16:22:57.484379 [info ]: Loading ~/.dbt/profiles.yml
16:22:57.497656 [info ]: Finished loading project [  0.03s]
16:22:57.498863 [info ]: Started debugging
16:22:57.499056 [info ]: Debugging profile: dev
16:22:57.499077 [info ]: Debugging dbt version: 2.0.0-preview.154
16:22:57.499086 [info ]: Debugging platform: macos aarch64 (unix)
16:22:57.499225 [info ]: Debugging adapter type: bigquery (remote)
16:22:57.518945 [info ]: Debugging dependencies:
  git: OK
16:22:57.520918 [info ]: Debugging connection:
  "database": "flight-analytics-dbt",
  "schema": "flights",
  "method": "oauth",
  "location": "europe-west2",
  "dataproc_batch": null
16:23:04.339337 [debug]: Query executed on node unknown:
select 1 as id
16:23:04.340979 [info ]: Debugging connection test: OK
16:23:04.341642 [info ]: Debugged All checks passed!
16:23:04.341741 [info ]: Finished debugging [  6.84s]
16:23:04.918139 [info ]: New version available 2.0.0-preview.164 (run `dbt system update`)
16:23:05.135753 [info ]: 
==================== Execution Summary =====================
Finished 'init' successfully for target 'dev' [3m 22s]
[0m17:43:26.428912 [debug] [MainThread]: Sending event: {'category': 'dbt', 'action': 'invocation', 'label': 'start', 'context': [<snowplow_tracker.self_describing_json.SelfDescribingJson object at 0x7ff640b496d0>, <snowplow_tracker.self_describing_json.SelfDescribingJson object at 0x7ff640fa2370>, <snowplow_tracker.self_describing_json.SelfDescribingJson object at 0x7ff640fa2640>]}


============================== 17:43:26.432910 | 7edf67af-4297-48cd-961a-2341ed568949 ==============================
[0m17:43:26.432910 [info ] [MainThread]: Running with dbt=1.11.0-b3
[0m17:43:26.433698 [debug] [MainThread]: running dbt with arguments {'partial_parse': 'True', 'invocation_command': 'dbt ', 'use_colors': 'True', 'warn_error_options': 'WarnErrorOptionsV2(error=[], warn=[], silence=[])', 'empty': 'None', 'use_experimental_parser': 'False', 'log_cache_events': 'False', 'printer_width': '80', 'profiles_dir': '/Users/tayfoorahmed/.dbt', 'target_path': 'None', 'log_format': 'default', 'log_path': '/Users/tayfoorahmed/Downloads/Programming Languages/SQL/flight-analytics-dbt/logs', 'debug': 'False', 'introspect': 'True', 'version_check': 'True', 'quiet': 'False', 'warn_error': 'None', 'fail_fast': 'False', 'static_parser': 'True', 'no_print': 'None', 'send_anonymous_usage_stats': 'True', 'indirect_selection': 'eager', 'write_json': 'True', 'cache_selected_only': 'False'}
[0m17:43:26.526196 [debug] [MainThread]: Sending event: {'category': 'dbt', 'action': 'project_id', 'label': '7edf67af-4297-48cd-961a-2341ed568949', 'context': [<snowplow_tracker.self_describing_json.SelfDescribingJson object at 0x7ff6208ab5e0>]}
[0m17:43:26.535134 [debug] [MainThread]: Set downloads directory='/var/folders/2d/pn8l4zrj26l3hfl21d8jn_1w0000gn/T/dbt-downloads-dttokafl'
[0m17:43:26.535573 [debug] [MainThread]: Making package index registry request: GET https://hub.getdbt.com/api/v1/index.json
[0m17:43:26.694823 [debug] [MainThread]: Response from registry index: GET https://hub.getdbt.com/api/v1/index.json 200
[0m17:43:26.696423 [debug] [MainThread]: Making package registry request: GET https://hub.getdbt.com/api/v1/dbt-labs/dbt_utils.json
[0m17:43:26.768919 [debug] [MainThread]: Response from registry: GET https://hub.getdbt.com/api/v1/dbt-labs/dbt_utils.json 200
[0m17:43:26.783662 [info ] [MainThread]: Updating lock file in file path: /Users/tayfoorahmed/Downloads/Programming Languages/SQL/flight-analytics-dbt/package-lock.yml
[0m17:43:26.796936 [debug] [MainThread]: Set downloads directory='/var/folders/2d/pn8l4zrj26l3hfl21d8jn_1w0000gn/T/dbt-downloads-bi3_xf1s'
[0m17:43:26.800593 [info ] [MainThread]: Installing dbt-labs/dbt_utils
[0m17:43:27.062136 [info ] [MainThread]: Installed from version 1.1.1
[0m17:43:27.062491 [info ] [MainThread]: Updated version available: 1.3.3
[0m17:43:27.062840 [debug] [MainThread]: Sending event: {'category': 'dbt', 'action': 'package', 'label': '7edf67af-4297-48cd-961a-2341ed568949', 'property_': 'install', 'context': [<snowplow_tracker.self_describing_json.SelfDescribingJson object at 0x7ff640bf0670>, <snowplow_tracker.self_describing_json.SelfDescribingJson object at 0x7ff6208c33a0>]}
[0m17:43:27.063148 [info ] [MainThread]: 
[0m17:43:27.063416 [info ] [MainThread]: Updates available for packages: ['dbt-labs/dbt_utils']                 
Update your versions in packages.yml, then run dbt deps
[0m17:43:27.066081 [debug] [MainThread]: Resource report: {"command_name": "deps", "command_success": true, "command_wall_clock_time": 0.7218683, "process_in_blocks": "0", "process_kernel_time": 0.186708, "process_mem_max_rss": "109920256", "process_out_blocks": "0", "process_user_time": 1.162376}
[0m17:43:27.066648 [debug] [MainThread]: Command `cli deps` succeeded at 17:43:27.066386 after 0.72 seconds
[0m17:43:27.066931 [debug] [MainThread]: Sending event: {'category': 'dbt', 'action': 'invocation', 'label': 'end', 'context': [<snowplow_tracker.self_describing_json.SelfDescribingJson object at 0x7ff640b496d0>, <snowplow_tracker.self_describing_json.SelfDescribingJson object at 0x7ff630330a60>, <snowplow_tracker.self_describing_json.SelfDescribingJson object at 0x7ff630ea9220>]}
[0m17:43:27.067190 [debug] [MainThread]: Flushing usage events
[0m17:43:27.741513 [debug] [MainThread]: An error was encountered while trying to flush usage events
[0m17:44:17.062189 [debug] [MainThread]: Sending event: {'category': 'dbt', 'action': 'invocation', 'label': 'start', 'context': [<snowplow_tracker.self_describing_json.SelfDescribingJson object at 0x7fb4209006a0>, <snowplow_tracker.self_describing_json.SelfDescribingJson object at 0x7fb3f1062280>, <snowplow_tracker.self_describing_json.SelfDescribingJson object at 0x7fb3f1062550>]}


============================== 17:44:17.065674 | b8764ec5-67bd-4c3a-b5d6-6f01c5c409a8 ==============================
[0m17:44:17.065674 [info ] [MainThread]: Running with dbt=1.11.0-b3
[0m17:44:17.066126 [debug] [MainThread]: running dbt with arguments {'empty': 'None', 'debug': 'False', 'fail_fast': 'False', 'partial_parse': 'True', 'log_path': '/Users/tayfoorahmed/Downloads/Programming Languages/SQL/flight-analytics-dbt/logs', 'warn_error_options': 'WarnErrorOptionsV2(error=[], warn=[], silence=[])', 'use_experimental_parser': 'False', 'send_anonymous_usage_stats': 'True', 'use_colors': 'True', 'indirect_selection': 'eager', 'write_json': 'True', 'printer_width': '80', 'profiles_dir': '/Users/tayfoorahmed/.dbt', 'warn_error': 'None', 'version_check': 'True', 'invocation_command': 'dbt ', 'log_cache_events': 'False', 'log_format': 'default', 'cache_selected_only': 'False', 'static_parser': 'True', 'target_path': 'None', 'no_print': 'None', 'quiet': 'False', 'introspect': 'True'}
[0m17:44:17.158197 [debug] [MainThread]: Sending event: {'category': 'dbt', 'action': 'project_id', 'label': 'b8764ec5-67bd-4c3a-b5d6-6f01c5c409a8', 'context': [<snowplow_tracker.self_describing_json.SelfDescribingJson object at 0x7fb410e6ac70>]}
[0m17:44:17.181124 [debug] [MainThread]: Set downloads directory='/var/folders/2d/pn8l4zrj26l3hfl21d8jn_1w0000gn/T/dbt-downloads-kcze86sk'
[0m17:44:17.181600 [debug] [MainThread]: Making package index registry request: GET https://hub.getdbt.com/api/v1/index.json
[0m17:44:17.267010 [debug] [MainThread]: Response from registry index: GET https://hub.getdbt.com/api/v1/index.json 200
[0m17:44:17.268122 [debug] [MainThread]: Making package registry request: GET https://hub.getdbt.com/api/v1/dbt-labs/dbt_utils.json
[0m17:44:17.340619 [debug] [MainThread]: Response from registry: GET https://hub.getdbt.com/api/v1/dbt-labs/dbt_utils.json 200
[0m17:44:17.346152 [info ] [MainThread]: Installing dbt-labs/dbt_utils
[0m17:44:17.667524 [info ] [MainThread]: Installed from version 1.1.1
[0m17:44:17.667919 [info ] [MainThread]: Updated version available: 1.3.3
[0m17:44:17.668499 [debug] [MainThread]: Sending event: {'category': 'dbt', 'action': 'package', 'label': 'b8764ec5-67bd-4c3a-b5d6-6f01c5c409a8', 'property_': 'install', 'context': [<snowplow_tracker.self_describing_json.SelfDescribingJson object at 0x7fb420dcaa30>, <snowplow_tracker.self_describing_json.SelfDescribingJson object at 0x7fb420996340>]}
[0m17:44:17.668845 [info ] [MainThread]: 
[0m17:44:17.669224 [info ] [MainThread]: Updates available for packages: ['dbt-labs/dbt_utils']                 
Update your versions in packages.yml, then run dbt deps
[0m17:44:17.672881 [debug] [MainThread]: Resource report: {"command_name": "deps", "command_success": true, "command_wall_clock_time": 0.68882483, "process_in_blocks": "0", "process_kernel_time": 0.169278, "process_mem_max_rss": "110931968", "process_out_blocks": "0", "process_user_time": 1.122559}
[0m17:44:17.673475 [debug] [MainThread]: Command `cli deps` succeeded at 17:44:17.673215 after 0.69 seconds
[0m17:44:17.673761 [debug] [MainThread]: Sending event: {'category': 'dbt', 'action': 'invocation', 'label': 'end', 'context': [<snowplow_tracker.self_describing_json.SelfDescribingJson object at 0x7fb4209006a0>, <snowplow_tracker.self_describing_json.SelfDescribingJson object at 0x7fb4206503d0>, <snowplow_tracker.self_describing_json.SelfDescribingJson object at 0x7fb420a09730>]}
[0m17:44:17.674029 [debug] [MainThread]: Flushing usage events
[0m17:44:18.602328 [debug] [MainThread]: An error was encountered while trying to flush usage events
[0m17:44:41.300995 [debug] [MainThread]: Sending event: {'category': 'dbt', 'action': 'invocation', 'label': 'start', 'context': [<snowplow_tracker.self_describing_json.SelfDescribingJson object at 0x7fa688fa2580>, <snowplow_tracker.self_describing_json.SelfDescribingJson object at 0x7fa658982af0>, <snowplow_tracker.self_describing_json.SelfDescribingJson object at 0x7fa658982cd0>]}


============================== 17:44:41.304834 | b6138174-77f2-4c60-aa33-921946c0eb6a ==============================
[0m17:44:41.304834 [info ] [MainThread]: Running with dbt=1.11.0-b3
[0m17:44:41.305263 [debug] [MainThread]: running dbt with arguments {'fail_fast': 'False', 'log_format': 'default', 'static_parser': 'True', 'target_path': 'None', 'no_print': 'None', 'invocation_command': 'dbt debug', 'profiles_dir': '/Users/tayfoorahmed/.dbt', 'partial_parse': 'True', 'use_colors': 'True', 'debug': 'False', 'send_anonymous_usage_stats': 'True', 'write_json': 'True', 'log_path': '/Users/tayfoorahmed/Downloads/Programming Languages/SQL/flight-analytics-dbt/logs', 'cache_selected_only': 'False', 'indirect_selection': 'eager', 'introspect': 'True', 'log_cache_events': 'False', 'printer_width': '80', 'warn_error': 'None', 'empty': 'None', 'version_check': 'True', 'use_experimental_parser': 'False', 'quiet': 'False', 'warn_error_options': 'WarnErrorOptionsV2(error=[], warn=[], silence=[])'}
[0m17:44:41.312483 [info ] [MainThread]: dbt version: 1.11.0-b3
[0m17:44:41.312779 [info ] [MainThread]: python version: 3.9.1
[0m17:44:41.312984 [info ] [MainThread]: python path: /Users/tayfoorahmed/Downloads/Programming Languages/SQL/dbt-env/bin/python3
[0m17:44:41.313179 [info ] [MainThread]: os info: macOS-26.3.1-x86_64-i386-64bit
[0m17:44:42.911624 [info ] [MainThread]: Using profiles dir at /Users/tayfoorahmed/.dbt
[0m17:44:42.912178 [info ] [MainThread]: Using profiles.yml file at /Users/tayfoorahmed/.dbt/profiles.yml
[0m17:44:42.912408 [info ] [MainThread]: Using dbt_project.yml file at /Users/tayfoorahmed/Downloads/Programming Languages/SQL/flight-analytics-dbt/dbt_project.yml
[0m17:44:42.912632 [info ] [MainThread]: adapter type: bigquery
[0m17:44:42.912824 [info ] [MainThread]: adapter version: 1.10.2
[0m17:44:42.990710 [info ] [MainThread]: Configuration:
[0m17:44:42.991050 [info ] [MainThread]:   profiles.yml file [[32mOK found and valid[0m]
[0m17:44:42.991253 [info ] [MainThread]:   dbt_project.yml file [[32mOK found and valid[0m]
[0m17:44:42.991438 [info ] [MainThread]: Required dependencies:
[0m17:44:42.991683 [debug] [MainThread]: Executing "git --help"
[0m17:44:43.030791 [debug] [MainThread]: STDOUT: "b"usage: git [-v | --version] [-h | --help] [-C <path>] [-c <name>=<value>]\n           [--exec-path[=<path>]] [--html-path] [--man-path] [--info-path]\n           [-p | --paginate | -P | --no-pager] [--no-replace-objects] [--bare]\n           [--git-dir=<path>] [--work-tree=<path>] [--namespace=<name>]\n           [--config-env=<name>=<envvar>] <command> [<args>]\n\nThese are common Git commands used in various situations:\n\nstart a working area (see also: git help tutorial)\n   clone     Clone a repository into a new directory\n   init      Create an empty Git repository or reinitialize an existing one\n\nwork on the current change (see also: git help everyday)\n   add       Add file contents to the index\n   mv        Move or rename a file, a directory, or a symlink\n   restore   Restore working tree files\n   rm        Remove files from the working tree and from the index\n\nexamine the history and state (see also: git help revisions)\n   bisect    Use binary search to find the commit that introduced a bug\n   diff      Show changes between commits, commit and working tree, etc\n   grep      Print lines matching a pattern\n   log       Show commit logs\n   show      Show various types of objects\n   status    Show the working tree status\n\ngrow, mark and tweak your common history\n   branch    List, create, or delete branches\n   commit    Record changes to the repository\n   merge     Join two or more development histories together\n   rebase    Reapply commits on top of another base tip\n   reset     Reset current HEAD to the specified state\n   switch    Switch branches\n   tag       Create, list, delete or verify a tag object signed with GPG\n\ncollaborate (see also: git help workflows)\n   fetch     Download objects and refs from another repository\n   pull      Fetch from and integrate with another repository or a local branch\n   push      Update remote refs along with associated objects\n\n'git help -a' and 'git help -g' list available subcommands and some\nconcept guides. See 'git help <command>' or 'git help <concept>'\nto read about a specific subcommand or concept.\nSee 'git help git' for an overview of the system.\n""
[0m17:44:43.031561 [debug] [MainThread]: STDERR: "b''"
[0m17:44:43.031847 [info ] [MainThread]:  - git [[32mOK found[0m]

[0m17:44:43.032089 [info ] [MainThread]: Connection:
[0m17:44:43.032379 [info ] [MainThread]:   method: oauth
[0m17:44:43.032572 [info ] [MainThread]:   database: flight-analytics-dbt
[0m17:44:43.032751 [info ] [MainThread]:   execution_project: flight-analytics-dbt
[0m17:44:43.032928 [info ] [MainThread]:   schema: flights
[0m17:44:43.033105 [info ] [MainThread]:   location: europe-west2
[0m17:44:43.033285 [info ] [MainThread]:   priority: None
[0m17:44:43.033462 [info ] [MainThread]:   maximum_bytes_billed: None
[0m17:44:43.033637 [info ] [MainThread]:   impersonate_service_account: None
[0m17:44:43.033812 [info ] [MainThread]:   job_retry_deadline_seconds: None
[0m17:44:43.033986 [info ] [MainThread]:   job_retries: 1
[0m17:44:43.034158 [info ] [MainThread]:   job_creation_timeout_seconds: None
[0m17:44:43.034332 [info ] [MainThread]:   job_execution_timeout_seconds: 300
[0m17:44:43.034507 [info ] [MainThread]:   timeout_seconds: 300
[0m17:44:43.034679 [info ] [MainThread]:   client_id: None
[0m17:44:43.034851 [info ] [MainThread]:   token_uri: None
[0m17:44:43.035023 [info ] [MainThread]:   compute_region: None
[0m17:44:43.035205 [info ] [MainThread]:   dataproc_cluster_name: None
[0m17:44:43.035380 [info ] [MainThread]:   gcs_bucket: None
[0m17:44:43.035551 [info ] [MainThread]:   dataproc_batch: None
[0m17:44:43.036304 [info ] [MainThread]: Registered adapter: bigquery=1.10.2
[0m17:44:43.329725 [debug] [MainThread]: Acquiring new bigquery connection 'debug'
[0m17:44:43.330263 [debug] [MainThread]: On debug: select 1 as id
[0m17:44:43.330538 [debug] [MainThread]: Opening a new connection, currently in state init
[0m17:44:44.812387 [debug] [MainThread]: BigQuery adapter: https://console.cloud.google.com/bigquery?project=flight-analytics-dbt&j=bq:europe-west2:43d8ab11-830b-4b09-b77a-40e9cb8a74e0&page=queryresults
[0m17:44:45.405896 [info ] [MainThread]:   Connection test: [[32mOK connection ok[0m]

[0m17:44:45.406433 [info ] [MainThread]: [32mAll checks passed![0m
[0m17:44:45.411939 [debug] [MainThread]: Resource report: {"command_name": "debug", "command_success": true, "command_wall_clock_time": 4.188164, "process_in_blocks": "0", "process_kernel_time": 0.490373, "process_mem_max_rss": "359657472", "process_out_blocks": "0", "process_user_time": 2.592676}
[0m17:44:45.412587 [debug] [MainThread]: Command `dbt debug` succeeded at 17:44:45.412474 after 4.19 seconds
[0m17:44:45.412973 [debug] [MainThread]: Connection 'debug' was properly closed.
[0m17:44:45.413478 [debug] [MainThread]: Sending event: {'category': 'dbt', 'action': 'invocation', 'label': 'end', 'context': [<snowplow_tracker.self_describing_json.SelfDescribingJson object at 0x7fa688fa2580>, <snowplow_tracker.self_describing_json.SelfDescribingJson object at 0x7fa67b4458b0>, <snowplow_tracker.self_describing_json.SelfDescribingJson object at 0x7fa67b445700>]}
[0m17:44:45.413965 [debug] [MainThread]: Flushing usage events
[0m17:44:46.449304 [debug] [MainThread]: An error was encountered while trying to flush usage events
[0m17:44:51.857670 [debug] [MainThread]: Sending event: {'category': 'dbt', 'action': 'invocation', 'label': 'start', 'context': [<snowplow_tracker.self_describing_json.SelfDescribingJson object at 0x7fa6288825b0>, <snowplow_tracker.self_describing_json.SelfDescribingJson object at 0x7fa628b1a9a0>, <snowplow_tracker.self_describing_json.SelfDescribingJson object at 0x7fa628b1ab80>]}


============================== 17:44:51.862281 | e6040fa7-71a4-4295-8f86-de8b5010f27b ==============================
[0m17:44:51.862281 [info ] [MainThread]: Running with dbt=1.11.0-b3
[0m17:44:51.862752 [debug] [MainThread]: running dbt with arguments {'indirect_selection': 'eager', 'no_print': 'None', 'invocation_command': 'dbt deps', 'send_anonymous_usage_stats': 'True', 'use_experimental_parser': 'False', 'warn_error_options': 'WarnErrorOptionsV2(error=[], warn=[], silence=[])', 'log_path': '/Users/tayfoorahmed/Downloads/Programming Languages/SQL/flight-analytics-dbt/logs', 'version_check': 'True', 'quiet': 'False', 'use_colors': 'True', 'empty': 'None', 'target_path': 'None', 'profiles_dir': '/Users/tayfoorahmed/.dbt', 'debug': 'False', 'warn_error': 'None', 'log_cache_events': 'False', 'fail_fast': 'False', 'static_parser': 'True', 'printer_width': '80', 'introspect': 'True', 'log_format': 'default', 'cache_selected_only': 'False', 'write_json': 'True', 'partial_parse': 'True'}
[0m17:44:51.967779 [debug] [MainThread]: Sending event: {'category': 'dbt', 'action': 'project_id', 'label': 'e6040fa7-71a4-4295-8f86-de8b5010f27b', 'context': [<snowplow_tracker.self_describing_json.SelfDescribingJson object at 0x7fa619243b20>]}
[0m17:44:51.992939 [debug] [MainThread]: Set downloads directory='/var/folders/2d/pn8l4zrj26l3hfl21d8jn_1w0000gn/T/dbt-downloads-gkoosxuz'
[0m17:44:51.993456 [debug] [MainThread]: Making package index registry request: GET https://hub.getdbt.com/api/v1/index.json
[0m17:44:52.301811 [debug] [MainThread]: Response from registry index: GET https://hub.getdbt.com/api/v1/index.json 200
[0m17:44:52.303145 [debug] [MainThread]: Making package registry request: GET https://hub.getdbt.com/api/v1/dbt-labs/dbt_utils.json
[0m17:44:52.376405 [debug] [MainThread]: Response from registry: GET https://hub.getdbt.com/api/v1/dbt-labs/dbt_utils.json 200
[0m17:44:52.381584 [info ] [MainThread]: Installing dbt-labs/dbt_utils
[0m17:44:52.772603 [info ] [MainThread]: Installed from version 1.1.1
[0m17:44:52.773014 [info ] [MainThread]: Updated version available: 1.3.3
[0m17:44:52.773665 [debug] [MainThread]: Sending event: {'category': 'dbt', 'action': 'package', 'label': 'e6040fa7-71a4-4295-8f86-de8b5010f27b', 'property_': 'install', 'context': [<snowplow_tracker.self_describing_json.SelfDescribingJson object at 0x7fa6487a7f10>, <snowplow_tracker.self_describing_json.SelfDescribingJson object at 0x7fa6385504c0>]}
[0m17:44:52.774410 [info ] [MainThread]: 
[0m17:44:52.774686 [info ] [MainThread]: Updates available for packages: ['dbt-labs/dbt_utils']                 
Update your versions in packages.yml, then run dbt deps
[0m17:44:52.777944 [debug] [MainThread]: Resource report: {"command_name": "deps", "command_success": true, "command_wall_clock_time": 1.0030205, "process_in_blocks": "0", "process_kernel_time": 0.189908, "process_mem_max_rss": "110125056", "process_out_blocks": "0", "process_user_time": 1.209834}
[0m17:44:52.778653 [debug] [MainThread]: Command `dbt deps` succeeded at 17:44:52.778375 after 1.00 seconds
[0m17:44:52.778968 [debug] [MainThread]: Sending event: {'category': 'dbt', 'action': 'invocation', 'label': 'end', 'context': [<snowplow_tracker.self_describing_json.SelfDescribingJson object at 0x7fa6288825b0>, <snowplow_tracker.self_describing_json.SelfDescribingJson object at 0x7fa61921a460>, <snowplow_tracker.self_describing_json.SelfDescribingJson object at 0x7fa63887fe50>]}
[0m17:44:52.779254 [debug] [MainThread]: Flushing usage events
[0m17:44:53.381244 [debug] [MainThread]: An error was encountered while trying to flush usage events
[0m17:44:54.159542 [debug] [MainThread]: Sending event: {'category': 'dbt', 'action': 'invocation', 'label': 'start', 'context': [<snowplow_tracker.self_describing_json.SelfDescribingJson object at 0x7fee50e8a580>, <snowplow_tracker.self_describing_json.SelfDescribingJson object at 0x7fee20a8aaf0>, <snowplow_tracker.self_describing_json.SelfDescribingJson object at 0x7fee20a8acd0>]}


============================== 17:44:54.163899 | 5974fa43-1ab1-4029-888b-37a5952685e3 ==============================
[0m17:44:54.163899 [info ] [MainThread]: Running with dbt=1.11.0-b3
[0m17:44:54.164492 [debug] [MainThread]: running dbt with arguments {'no_print': 'None', 'invocation_command': 'dbt debug', 'version_check': 'True', 'write_json': 'True', 'profiles_dir': '/Users/tayfoorahmed/.dbt', 'send_anonymous_usage_stats': 'True', 'use_experimental_parser': 'False', 'fail_fast': 'False', 'cache_selected_only': 'False', 'log_path': '/Users/tayfoorahmed/Downloads/Programming Languages/SQL/flight-analytics-dbt/logs', 'empty': 'None', 'introspect': 'True', 'log_format': 'default', 'log_cache_events': 'False', 'quiet': 'False', 'partial_parse': 'True', 'printer_width': '80', 'target_path': 'None', 'indirect_selection': 'eager', 'static_parser': 'True', 'debug': 'False', 'warn_error_options': 'WarnErrorOptionsV2(error=[], warn=[], silence=[])', 'use_colors': 'True', 'warn_error': 'None'}
[0m17:44:54.171216 [info ] [MainThread]: dbt version: 1.11.0-b3
[0m17:44:54.171830 [info ] [MainThread]: python version: 3.9.1
[0m17:44:54.172102 [info ] [MainThread]: python path: /Users/tayfoorahmed/Downloads/Programming Languages/SQL/dbt-env/bin/python3
[0m17:44:54.172344 [info ] [MainThread]: os info: macOS-26.3.1-x86_64-i386-64bit
{"data": {"kwargs": "{'category': 'dbt', 'action': 'invocation', 'label': 'start', 'context': [<snowplow_tracker.self_describing_json.SelfDescribingJson object at 0x7fc910a1a610>, <snowplow_tracker.self_describing_json.SelfDescribingJson object at 0x7fc910db3700>, <snowplow_tracker.self_describing_json.SelfDescribingJson object at 0x7fc910db38e0>]}"}, "info": {"category": "", "code": "Z040", "extra": {}, "invocation_id": "f4109d6e-fcb5-4d58-a5b9-0ffb46220cee", "level": "debug", "msg": "Sending event: {'category': 'dbt', 'action': 'invocation', 'label': 'start', 'context': [<snowplow_tracker.self_describing_json.SelfDescribingJson object at 0x7fc910a1a610>, <snowplow_tracker.self_describing_json.SelfDescribingJson object at 0x7fc910db3700>, <snowplow_tracker.self_describing_json.SelfDescribingJson object at 0x7fc910db38e0>]}", "name": "SendingEvent", "pid": 2774, "thread": "MainThread", "ts": "2026-04-03T16:44:54.744941Z"}}
{"data": {"log_version": 3, "version": "=1.11.0-b3"}, "info": {"category": "", "code": "A001", "extra": {}, "invocation_id": "f4109d6e-fcb5-4d58-a5b9-0ffb46220cee", "level": "info", "msg": "Running with dbt=1.11.0-b3", "name": "MainReportVersion", "pid": 2774, "thread": "MainThread", "ts": "2026-04-03T16:44:54.757601Z"}}
{"data": {"args": {"cache_selected_only": "False", "debug": "False", "empty": "None", "fail_fast": "False", "indirect_selection": "eager", "introspect": "True", "invocation_command": "dbt parse --log-format json", "log_cache_events": "False", "log_format": "json", "log_path": "/Users/tayfoorahmed/Downloads/Programming Languages/SQL/flight-analytics-dbt/logs", "no_print": "None", "partial_parse": "True", "printer_width": "80", "profiles_dir": "/Users/tayfoorahmed/.dbt", "quiet": "False", "send_anonymous_usage_stats": "True", "static_parser": "True", "target_path": "None", "use_colors": "True", "use_experimental_parser": "False", "version_check": "True", "warn_error": "None", "warn_error_options": "WarnErrorOptionsV2(error=[], warn=[], silence=[])", "write_json": "True"}}, "info": {"category": "", "code": "A002", "extra": {}, "invocation_id": "f4109d6e-fcb5-4d58-a5b9-0ffb46220cee", "level": "debug", "msg": "running dbt with arguments {'warn_error': 'None', 'no_print': 'None', 'partial_parse': 'True', 'cache_selected_only': 'False', 'version_check': 'True', 'target_path': 'None', 'log_path': '/Users/tayfoorahmed/Downloads/Programming Languages/SQL/flight-analytics-dbt/logs', 'quiet': 'False', 'log_format': 'json', 'debug': 'False', 'fail_fast': 'False', 'indirect_selection': 'eager', 'send_anonymous_usage_stats': 'True', 'log_cache_events': 'False', 'empty': 'None', 'use_experimental_parser': 'False', 'printer_width': '80', 'profiles_dir': '/Users/tayfoorahmed/.dbt', 'write_json': 'True', 'warn_error_options': 'WarnErrorOptionsV2(error=[], warn=[], silence=[])', 'static_parser': 'True', 'use_colors': 'True', 'invocation_command': 'dbt parse --log-format json', 'introspect': 'True'}", "name": "MainReportArgs", "pid": 2774, "thread": "MainThread", "ts": "2026-04-03T16:44:54.758739Z"}}
[0m17:44:56.520433 [info ] [MainThread]: Using profiles dir at /Users/tayfoorahmed/.dbt
[0m17:44:56.521090 [info ] [MainThread]: Using profiles.yml file at /Users/tayfoorahmed/.dbt/profiles.yml
[0m17:44:56.521427 [info ] [MainThread]: Using dbt_project.yml file at /Users/tayfoorahmed/Downloads/Programming Languages/SQL/flight-analytics-dbt/dbt_project.yml
[0m17:44:56.521821 [info ] [MainThread]: adapter type: bigquery
[0m17:44:56.522021 [info ] [MainThread]: adapter version: 1.10.2
[0m17:44:56.608985 [info ] [MainThread]: Configuration:
[0m17:44:56.609399 [info ] [MainThread]:   profiles.yml file [[32mOK found and valid[0m]
[0m17:44:56.609618 [info ] [MainThread]:   dbt_project.yml file [[32mOK found and valid[0m]
[0m17:44:56.609804 [info ] [MainThread]: Required dependencies:
[0m17:44:56.610042 [debug] [MainThread]: Executing "git --help"
[0m17:44:56.644985 [debug] [MainThread]: STDOUT: "b"usage: git [-v | --version] [-h | --help] [-C <path>] [-c <name>=<value>]\n           [--exec-path[=<path>]] [--html-path] [--man-path] [--info-path]\n           [-p | --paginate | -P | --no-pager] [--no-replace-objects] [--bare]\n           [--git-dir=<path>] [--work-tree=<path>] [--namespace=<name>]\n           [--config-env=<name>=<envvar>] <command> [<args>]\n\nThese are common Git commands used in various situations:\n\nstart a working area (see also: git help tutorial)\n   clone     Clone a repository into a new directory\n   init      Create an empty Git repository or reinitialize an existing one\n\nwork on the current change (see also: git help everyday)\n   add       Add file contents to the index\n   mv        Move or rename a file, a directory, or a symlink\n   restore   Restore working tree files\n   rm        Remove files from the working tree and from the index\n\nexamine the history and state (see also: git help revisions)\n   bisect    Use binary search to find the commit that introduced a bug\n   diff      Show changes between commits, commit and working tree, etc\n   grep      Print lines matching a pattern\n   log       Show commit logs\n   show      Show various types of objects\n   status    Show the working tree status\n\ngrow, mark and tweak your common history\n   branch    List, create, or delete branches\n   commit    Record changes to the repository\n   merge     Join two or more development histories together\n   rebase    Reapply commits on top of another base tip\n   reset     Reset current HEAD to the specified state\n   switch    Switch branches\n   tag       Create, list, delete or verify a tag object signed with GPG\n\ncollaborate (see also: git help workflows)\n   fetch     Download objects and refs from another repository\n   pull      Fetch from and integrate with another repository or a local branch\n   push      Update remote refs along with associated objects\n\n'git help -a' and 'git help -g' list available subcommands and some\nconcept guides. See 'git help <command>' or 'git help <concept>'\nto read about a specific subcommand or concept.\nSee 'git help git' for an overview of the system.\n""
[0m17:44:56.645688 [debug] [MainThread]: STDERR: "b''"
[0m17:44:56.645972 [info ] [MainThread]:  - git [[32mOK found[0m]

[0m17:44:56.646212 [info ] [MainThread]: Connection:
[0m17:44:56.646491 [info ] [MainThread]:   method: oauth
[0m17:44:56.646743 [info ] [MainThread]:   database: flight-analytics-dbt
[0m17:44:56.646996 [info ] [MainThread]:   execution_project: flight-analytics-dbt
[0m17:44:56.647180 [info ] [MainThread]:   schema: flights
[0m17:44:56.647352 [info ] [MainThread]:   location: europe-west2
[0m17:44:56.647524 [info ] [MainThread]:   priority: None
[0m17:44:56.647699 [info ] [MainThread]:   maximum_bytes_billed: None
[0m17:44:56.647882 [info ] [MainThread]:   impersonate_service_account: None
[0m17:44:56.648065 [info ] [MainThread]:   job_retry_deadline_seconds: None
[0m17:44:56.648233 [info ] [MainThread]:   job_retries: 1
[0m17:44:56.648417 [info ] [MainThread]:   job_creation_timeout_seconds: None
[0m17:44:56.648587 [info ] [MainThread]:   job_execution_timeout_seconds: 300
[0m17:44:56.648753 [info ] [MainThread]:   timeout_seconds: 300
[0m17:44:56.648918 [info ] [MainThread]:   client_id: None
[0m17:44:56.649082 [info ] [MainThread]:   token_uri: None
[0m17:44:56.649247 [info ] [MainThread]:   compute_region: None
[0m17:44:56.649411 [info ] [MainThread]:   dataproc_cluster_name: None
[0m17:44:56.649576 [info ] [MainThread]:   gcs_bucket: None
[0m17:44:56.649739 [info ] [MainThread]:   dataproc_batch: None
[0m17:44:56.650377 [info ] [MainThread]: Registered adapter: bigquery=1.10.2
[0m17:44:56.897606 [debug] [MainThread]: Acquiring new bigquery connection 'debug'
[0m17:44:56.898199 [debug] [MainThread]: On debug: select 1 as id
[0m17:44:56.898502 [debug] [MainThread]: Opening a new connection, currently in state init
{"data": {"kwargs": "{'category': 'dbt', 'action': 'project_id', 'label': 'f4109d6e-fcb5-4d58-a5b9-0ffb46220cee', 'context': [<snowplow_tracker.self_describing_json.SelfDescribingJson object at 0x7fc909d3f9d0>]}"}, "info": {"category": "", "code": "Z040", "extra": {}, "invocation_id": "f4109d6e-fcb5-4d58-a5b9-0ffb46220cee", "level": "debug", "msg": "Sending event: {'category': 'dbt', 'action': 'project_id', 'label': 'f4109d6e-fcb5-4d58-a5b9-0ffb46220cee', 'context': [<snowplow_tracker.self_describing_json.SelfDescribingJson object at 0x7fc909d3f9d0>]}", "name": "SendingEvent", "pid": 2774, "thread": "MainThread", "ts": "2026-04-03T16:44:57.106266Z"}}
{"data": {"kwargs": "{'category': 'dbt', 'action': 'invocation', 'label': 'start', 'context': [<snowplow_tracker.self_describing_json.SelfDescribingJson object at 0x7facf8aaa5b0>, <snowplow_tracker.self_describing_json.SelfDescribingJson object at 0x7fad08f539a0>, <snowplow_tracker.self_describing_json.SelfDescribingJson object at 0x7fad08f53b80>]}"}, "info": {"category": "", "code": "Z040", "extra": {}, "invocation_id": "0632b4b5-7905-4a53-9c73-0f3f09abeec8", "level": "debug", "msg": "Sending event: {'category': 'dbt', 'action': 'invocation', 'label': 'start', 'context': [<snowplow_tracker.self_describing_json.SelfDescribingJson object at 0x7facf8aaa5b0>, <snowplow_tracker.self_describing_json.SelfDescribingJson object at 0x7fad08f539a0>, <snowplow_tracker.self_describing_json.SelfDescribingJson object at 0x7fad08f53b80>]}", "name": "SendingEvent", "pid": 2840, "thread": "MainThread", "ts": "2026-04-03T16:44:58.225362Z"}}
{"data": {"log_version": 3, "version": "=1.11.0-b3"}, "info": {"category": "", "code": "A001", "extra": {}, "invocation_id": "0632b4b5-7905-4a53-9c73-0f3f09abeec8", "level": "info", "msg": "Running with dbt=1.11.0-b3", "name": "MainReportVersion", "pid": 2840, "thread": "MainThread", "ts": "2026-04-03T16:44:58.230143Z"}}
{"data": {"args": {"cache_selected_only": "False", "debug": "False", "empty": "None", "fail_fast": "False", "indirect_selection": "eager", "introspect": "True", "invocation_command": "dbt parse --log-format json", "log_cache_events": "False", "log_format": "json", "log_path": "/Users/tayfoorahmed/Downloads/Programming Languages/SQL/flight-analytics-dbt/logs", "no_print": "None", "partial_parse": "True", "printer_width": "80", "profiles_dir": "/Users/tayfoorahmed/.dbt", "quiet": "False", "send_anonymous_usage_stats": "True", "static_parser": "True", "target_path": "None", "use_colors": "True", "use_experimental_parser": "False", "version_check": "True", "warn_error": "None", "warn_error_options": "WarnErrorOptionsV2(error=[], warn=[], silence=[])", "write_json": "True"}}, "info": {"category": "", "code": "A002", "extra": {}, "invocation_id": "0632b4b5-7905-4a53-9c73-0f3f09abeec8", "level": "debug", "msg": "running dbt with arguments {'printer_width': '80', 'write_json': 'True', 'use_colors': 'True', 'fail_fast': 'False', 'indirect_selection': 'eager', 'send_anonymous_usage_stats': 'True', 'warn_error': 'None', 'log_path': '/Users/tayfoorahmed/Downloads/Programming Languages/SQL/flight-analytics-dbt/logs', 'static_parser': 'True', 'quiet': 'False', 'empty': 'None', 'version_check': 'True', 'debug': 'False', 'use_experimental_parser': 'False', 'introspect': 'True', 'profiles_dir': '/Users/tayfoorahmed/.dbt', 'no_print': 'None', 'log_cache_events': 'False', 'partial_parse': 'True', 'target_path': 'None', 'cache_selected_only': 'False', 'warn_error_options': 'WarnErrorOptionsV2(error=[], warn=[], silence=[])', 'invocation_command': 'dbt parse --log-format json', 'log_format': 'json'}", "name": "MainReportArgs", "pid": 2840, "thread": "MainThread", "ts": "2026-04-03T16:44:58.230751Z"}}
[0m17:44:58.442617 [debug] [MainThread]: BigQuery adapter: https://console.cloud.google.com/bigquery?project=flight-analytics-dbt&j=bq:europe-west2:69c91013-93e9-4a7b-a856-e370165e63ed&page=queryresults
[0m17:44:58.805034 [info ] [MainThread]:   Connection test: [[32mOK connection ok[0m]

[0m17:44:58.805662 [info ] [MainThread]: [32mAll checks passed![0m
[0m17:44:58.809650 [debug] [MainThread]: Resource report: {"command_name": "debug", "command_success": true, "command_wall_clock_time": 4.7290897, "process_in_blocks": "0", "process_kernel_time": 0.624981, "process_mem_max_rss": "360235008", "process_out_blocks": "0", "process_user_time": 3.082394}
[0m17:44:58.810090 [debug] [MainThread]: Command `dbt debug` succeeded at 17:44:58.810004 after 4.73 seconds
[0m17:44:58.810392 [debug] [MainThread]: Connection 'debug' was properly closed.
[0m17:44:58.810675 [debug] [MainThread]: Sending event: {'category': 'dbt', 'action': 'invocation', 'label': 'end', 'context': [<snowplow_tracker.self_describing_json.SelfDescribingJson object at 0x7fee50e8a580>, <snowplow_tracker.self_describing_json.SelfDescribingJson object at 0x7fee32c0d8b0>, <snowplow_tracker.self_describing_json.SelfDescribingJson object at 0x7fee32c0d700>]}
[0m17:44:58.811130 [debug] [MainThread]: Flushing usage events
[0m17:44:59.490053 [debug] [MainThread]: An error was encountered while trying to flush usage events
{"data": {"kwargs": "{'category': 'dbt', 'action': 'project_id', 'label': '0632b4b5-7905-4a53-9c73-0f3f09abeec8', 'context': [<snowplow_tracker.self_describing_json.SelfDescribingJson object at 0x7facfb0f1940>]}"}, "info": {"category": "", "code": "Z040", "extra": {}, "invocation_id": "0632b4b5-7905-4a53-9c73-0f3f09abeec8", "level": "debug", "msg": "Sending event: {'category': 'dbt', 'action': 'project_id', 'label': '0632b4b5-7905-4a53-9c73-0f3f09abeec8', 'context': [<snowplow_tracker.self_describing_json.SelfDescribingJson object at 0x7facfb0f1940>]}", "name": "SendingEvent", "pid": 2840, "thread": "MainThread", "ts": "2026-04-03T16:45:00.133480Z"}}
{"data": {"kwargs": "{'category': 'dbt', 'action': 'adapter_info', 'label': '0632b4b5-7905-4a53-9c73-0f3f09abeec8', 'context': [<snowplow_tracker.self_describing_json.SelfDescribingJson object at 0x7facf8d051f0>]}"}, "info": {"category": "", "code": "Z040", "extra": {}, "invocation_id": "0632b4b5-7905-4a53-9c73-0f3f09abeec8", "level": "debug", "msg": "Sending event: {'category': 'dbt', 'action': 'adapter_info', 'label': '0632b4b5-7905-4a53-9c73-0f3f09abeec8', 'context': [<snowplow_tracker.self_describing_json.SelfDescribingJson object at 0x7facf8d051f0>]}", "name": "SendingEvent", "pid": 2840, "thread": "MainThread", "ts": "2026-04-03T16:45:00.184752Z"}}
{"data": {"adapter_name": "bigquery", "adapter_version": "=1.10.2"}, "info": {"category": "", "code": "E034", "extra": {}, "invocation_id": "0632b4b5-7905-4a53-9c73-0f3f09abeec8", "level": "info", "msg": "Registered adapter: bigquery=1.10.2", "name": "AdapterRegistered", "pid": 2840, "thread": "MainThread", "ts": "2026-04-03T16:45:00.185499Z"}}
{"data": {"checksum": "e63134dccc1251cfb572caf0e4aa952f030c125ee3634f3bf2c0a2e1bb6ae349", "profile": "", "target": "", "vars": "{}", "version": "1.11.0b3"}, "info": {"category": "", "code": "I025", "extra": {}, "invocation_id": "0632b4b5-7905-4a53-9c73-0f3f09abeec8", "level": "debug", "msg": "checksum: e63134dccc1251cfb572caf0e4aa952f030c125ee3634f3bf2c0a2e1bb6ae349, vars: {}, profile: , target: , version: 1.11.0b3", "name": "StateCheckVarsHash", "pid": 2840, "thread": "MainThread", "ts": "2026-04-03T16:45:00.450225Z"}}
{"data": {"reason": "saved manifest not found. Starting full parse."}, "info": {"category": "", "code": "I024", "extra": {}, "invocation_id": "0632b4b5-7905-4a53-9c73-0f3f09abeec8", "level": "info", "msg": "Unable to do partial parsing because saved manifest not found. Starting full parse.", "name": "UnableToPartialParse", "pid": 2840, "thread": "MainThread", "ts": "2026-04-03T16:45:00.451143Z"}}
{"data": {"kwargs": "{'category': 'dbt', 'action': 'partial_parser', 'label': '0632b4b5-7905-4a53-9c73-0f3f09abeec8', 'context': [<snowplow_tracker.self_describing_json.SelfDescribingJson object at 0x7fad0b064b20>]}"}, "info": {"category": "", "code": "Z040", "extra": {}, "invocation_id": "0632b4b5-7905-4a53-9c73-0f3f09abeec8", "level": "debug", "msg": "Sending event: {'category': 'dbt', 'action': 'partial_parser', 'label': '0632b4b5-7905-4a53-9c73-0f3f09abeec8', 'context': [<snowplow_tracker.self_describing_json.SelfDescribingJson object at 0x7fad0b064b20>]}", "name": "SendingEvent", "pid": 2840, "thread": "MainThread", "ts": "2026-04-03T16:45:00.451604Z"}}
{"data": {"test_name": "`not_null` defined on 'stg_airports' in package 'flight_dbt' (models/staging/schema.yml)"}, "info": {"category": "", "code": "D039", "extra": {}, "invocation_id": "0632b4b5-7905-4a53-9c73-0f3f09abeec8", "level": "warn", "msg": "[\u001b[33mWARNING\u001b[0m][MissingArgumentsPropertyInGenericTestDeprecation]: Deprecated\nfunctionality\nFound top-level arguments to test `not_null` defined on 'stg_airports' in\npackage 'flight_dbt' (models/staging/schema.yml). Arguments to generic tests\nshould be nested under the `arguments` property.", "name": "MissingArgumentsPropertyInGenericTestDeprecation", "pid": 2840, "thread": "MainThread", "ts": "2026-04-03T16:45:01.630569Z"}}
{"data": {"kwargs": "{'category': 'dbt', 'action': 'deprecation', 'label': '0632b4b5-7905-4a53-9c73-0f3f09abeec8', 'property_': 'warn', 'context': [<snowplow_tracker.self_describing_json.SelfDescribingJson object at 0x7fad0b34eb20>]}"}, "info": {"category": "", "code": "Z040", "extra": {}, "invocation_id": "0632b4b5-7905-4a53-9c73-0f3f09abeec8", "level": "debug", "msg": "Sending event: {'category': 'dbt', 'action': 'deprecation', 'label': '0632b4b5-7905-4a53-9c73-0f3f09abeec8', 'property_': 'warn', 'context': [<snowplow_tracker.self_describing_json.SelfDescribingJson object at 0x7fad0b34eb20>]}", "name": "SendingEvent", "pid": 2840, "thread": "MainThread", "ts": "2026-04-03T16:45:01.631263Z"}}
{"data": {"exc": "Parsing Error\n  Invalid sources config given in models/sources/sources.yml @ sources: {'name': 'flights', 'catalog': 'workspace', 'schema': 'flight_analytics', 'tables': [{'name': 'airline'}, {'name': 'airports'}, {'name': 'arrivals'}, {'name': 'cities'}, {'name': 'codeshare'}, {'name': 'countries'}, {'name': 'departure'}, {'name': 'flight_details'}, {'name': 'routes'}]} - at path []: Additional properties are not allowed ('catalog' was unexpected)"}, "info": {"category": "", "code": "Z002", "extra": {}, "invocation_id": "0632b4b5-7905-4a53-9c73-0f3f09abeec8", "level": "error", "msg": "Encountered an error:\nParsing Error\n  Invalid sources config given in models/sources/sources.yml @ sources: {'name': 'flights', 'catalog': 'workspace', 'schema': 'flight_analytics', 'tables': [{'name': 'airline'}, {'name': 'airports'}, {'name': 'arrivals'}, {'name': 'cities'}, {'name': 'codeshare'}, {'name': 'countries'}, {'name': 'departure'}, {'name': 'flight_details'}, {'name': 'routes'}]} - at path []: Additional properties are not allowed ('catalog' was unexpected)", "name": "MainEncounteredError", "pid": 2840, "thread": "MainThread", "ts": "2026-04-03T16:45:02.099527Z"}}
{"data": {"show_all_hint": true, "summaries": [{"event_code": "D039", "event_name": "MissingArgumentsPropertyInGenericTestDeprecation", "occurrences": 47}]}, "info": {"category": "", "code": "D028", "extra": {}, "invocation_id": "0632b4b5-7905-4a53-9c73-0f3f09abeec8", "level": "warn", "msg": "[\u001b[33mWARNING\u001b[0m][DeprecationsSummary]: Deprecated functionality\nSummary of encountered deprecations:\n- MissingArgumentsPropertyInGenericTestDeprecation: 47 occurrences\nTo see all deprecation instances instead of just the first occurrence of each,\nrun command again with the `--show-all-deprecations` flag. You may also need to\nrun with `--no-partial-parse` as some deprecations are only encountered during\nparsing.", "name": "DeprecationsSummary", "pid": 2840, "thread": "MainThread", "ts": "2026-04-03T16:45:02.100204Z"}}
{"data": {"command_name": "parse", "command_success": false, "command_wall_clock_time": 3.9612043, "process_in_blocks": "0", "process_kernel_time": 0.502, "process_mem_max_rss": "366616576", "process_out_blocks": "0", "process_user_time": 4.304158}, "info": {"category": "", "code": "Z051", "extra": {}, "invocation_id": "0632b4b5-7905-4a53-9c73-0f3f09abeec8", "level": "debug", "msg": "Resource report: {\"command_name\": \"parse\", \"command_success\": false, \"command_wall_clock_time\": 3.9612043, \"process_in_blocks\": \"0\", \"process_kernel_time\": 0.502, \"process_mem_max_rss\": \"366616576\", \"process_out_blocks\": \"0\", \"process_user_time\": 4.304158}", "name": "ResourceReport", "pid": 2840, "thread": "MainThread", "ts": "2026-04-03T16:45:02.103640Z"}}
{"data": {"command": "dbt parse", "completed_at": "2026-04-03T16:45:02.104064Z", "elapsed": 3.962015, "success": false}, "info": {"category": "", "code": "Q039", "extra": {}, "invocation_id": "0632b4b5-7905-4a53-9c73-0f3f09abeec8", "level": "debug", "msg": "Command `dbt parse` failed at 17:45:02.104064 after 3.96 seconds", "name": "CommandCompleted", "pid": 2840, "thread": "MainThread", "ts": "2026-04-03T16:45:02.104345Z"}}
{"data": {"kwargs": "{'category': 'dbt', 'action': 'invocation', 'label': 'end', 'context': [<snowplow_tracker.self_describing_json.SelfDescribingJson object at 0x7facf8aaa5b0>, <snowplow_tracker.self_describing_json.SelfDescribingJson object at 0x7fad0b222100>, <snowplow_tracker.self_describing_json.SelfDescribingJson object at 0x7facf8bb4a30>]}"}, "info": {"category": "", "code": "Z040", "extra": {}, "invocation_id": "0632b4b5-7905-4a53-9c73-0f3f09abeec8", "level": "debug", "msg": "Sending event: {'category': 'dbt', 'action': 'invocation', 'label': 'end', 'context': [<snowplow_tracker.self_describing_json.SelfDescribingJson object at 0x7facf8aaa5b0>, <snowplow_tracker.self_describing_json.SelfDescribingJson object at 0x7fad0b222100>, <snowplow_tracker.self_describing_json.SelfDescribingJson object at 0x7facf8bb4a30>]}", "name": "SendingEvent", "pid": 2840, "thread": "MainThread", "ts": "2026-04-03T16:45:02.104744Z"}}
{"data": {}, "info": {"category": "", "code": "Z042", "extra": {}, "invocation_id": "0632b4b5-7905-4a53-9c73-0f3f09abeec8", "level": "debug", "msg": "Flushing usage events", "name": "FlushEvents", "pid": 2840, "thread": "MainThread", "ts": "2026-04-03T16:45:02.105081Z"}}
{"data": {}, "info": {"category": "", "code": "Z043", "extra": {}, "invocation_id": "0632b4b5-7905-4a53-9c73-0f3f09abeec8", "level": "debug", "msg": "An error was encountered while trying to flush usage events", "name": "FlushEventsFailure", "pid": 2840, "thread": "MainThread", "ts": "2026-04-03T16:45:02.797466Z"}}
[0m17:45:02.819073 [debug] [MainThread]: Sending event: {'category': 'dbt', 'action': 'invocation', 'label': 'start', 'context': [<snowplow_tracker.self_describing_json.SelfDescribingJson object at 0x7fbd28aba5b0>, <snowplow_tracker.self_describing_json.SelfDescribingJson object at 0x7fbd48ec39a0>, <snowplow_tracker.self_describing_json.SelfDescribingJson object at 0x7fbd48ec3b80>]}


============================== 17:45:02.823360 | fa7b1a8c-269d-450a-9dca-8c0113e32cdd ==============================
[0m17:45:02.823360 [info ] [MainThread]: Running with dbt=1.11.0-b3
[0m17:45:02.823890 [debug] [MainThread]: running dbt with arguments {'debug': 'False', 'invocation_command': 'dbt debug', 'introspect': 'True', 'version_check': 'True', 'target_path': 'None', 'profiles_dir': '/Users/tayfoorahmed/.dbt', 'warn_error': 'None', 'empty': 'None', 'use_experimental_parser': 'False', 'warn_error_options': 'WarnErrorOptionsV2(error=[], warn=[], silence=[])', 'log_path': '/Users/tayfoorahmed/Downloads/Programming Languages/SQL/flight-analytics-dbt/logs', 'quiet': 'False', 'log_format': 'default', 'send_anonymous_usage_stats': 'True', 'partial_parse': 'True', 'fail_fast': 'False', 'use_colors': 'True', 'static_parser': 'True', 'log_cache_events': 'False', 'write_json': 'True', 'printer_width': '80', 'indirect_selection': 'eager', 'cache_selected_only': 'False', 'no_print': 'None'}
[0m17:45:02.830626 [info ] [MainThread]: dbt version: 1.11.0-b3
[0m17:45:02.830961 [info ] [MainThread]: python version: 3.9.1
[0m17:45:02.831169 [info ] [MainThread]: python path: /Users/tayfoorahmed/Downloads/Programming Languages/SQL/dbt-env/bin/python3
[0m17:45:02.831468 [info ] [MainThread]: os info: macOS-26.3.1-x86_64-i386-64bit
[0m17:45:04.549730 [info ] [MainThread]: Using profiles dir at /Users/tayfoorahmed/.dbt
[0m17:45:04.550084 [info ] [MainThread]: Using profiles.yml file at /Users/tayfoorahmed/.dbt/profiles.yml
[0m17:45:04.550311 [info ] [MainThread]: Using dbt_project.yml file at /Users/tayfoorahmed/Downloads/Programming Languages/SQL/flight-analytics-dbt/dbt_project.yml
[0m17:45:04.550539 [info ] [MainThread]: adapter type: bigquery
[0m17:45:04.550733 [info ] [MainThread]: adapter version: 1.10.2
[0m17:45:04.627262 [info ] [MainThread]: Configuration:
[0m17:45:04.627793 [info ] [MainThread]:   profiles.yml file [[32mOK found and valid[0m]
[0m17:45:04.628042 [info ] [MainThread]:   dbt_project.yml file [[32mOK found and valid[0m]
[0m17:45:04.628241 [info ] [MainThread]: Required dependencies:
[0m17:45:04.628509 [debug] [MainThread]: Executing "git --help"
[0m17:45:04.668830 [debug] [MainThread]: STDOUT: "b"usage: git [-v | --version] [-h | --help] [-C <path>] [-c <name>=<value>]\n           [--exec-path[=<path>]] [--html-path] [--man-path] [--info-path]\n           [-p | --paginate | -P | --no-pager] [--no-replace-objects] [--bare]\n           [--git-dir=<path>] [--work-tree=<path>] [--namespace=<name>]\n           [--config-env=<name>=<envvar>] <command> [<args>]\n\nThese are common Git commands used in various situations:\n\nstart a working area (see also: git help tutorial)\n   clone     Clone a repository into a new directory\n   init      Create an empty Git repository or reinitialize an existing one\n\nwork on the current change (see also: git help everyday)\n   add       Add file contents to the index\n   mv        Move or rename a file, a directory, or a symlink\n   restore   Restore working tree files\n   rm        Remove files from the working tree and from the index\n\nexamine the history and state (see also: git help revisions)\n   bisect    Use binary search to find the commit that introduced a bug\n   diff      Show changes between commits, commit and working tree, etc\n   grep      Print lines matching a pattern\n   log       Show commit logs\n   show      Show various types of objects\n   status    Show the working tree status\n\ngrow, mark and tweak your common history\n   branch    List, create, or delete branches\n   commit    Record changes to the repository\n   merge     Join two or more development histories together\n   rebase    Reapply commits on top of another base tip\n   reset     Reset current HEAD to the specified state\n   switch    Switch branches\n   tag       Create, list, delete or verify a tag object signed with GPG\n\ncollaborate (see also: git help workflows)\n   fetch     Download objects and refs from another repository\n   pull      Fetch from and integrate with another repository or a local branch\n   push      Update remote refs along with associated objects\n\n'git help -a' and 'git help -g' list available subcommands and some\nconcept guides. See 'git help <command>' or 'git help <concept>'\nto read about a specific subcommand or concept.\nSee 'git help git' for an overview of the system.\n""
[0m17:45:04.669681 [debug] [MainThread]: STDERR: "b''"
[0m17:45:04.670003 [info ] [MainThread]:  - git [[32mOK found[0m]

[0m17:45:04.670262 [info ] [MainThread]: Connection:
[0m17:45:04.670563 [info ] [MainThread]:   method: oauth
[0m17:45:04.670753 [info ] [MainThread]:   database: flight-analytics-dbt
[0m17:45:04.670930 [info ] [MainThread]:   execution_project: flight-analytics-dbt
[0m17:45:04.671105 [info ] [MainThread]:   schema: flights
[0m17:45:04.671278 [info ] [MainThread]:   location: europe-west2
[0m17:45:04.671454 [info ] [MainThread]:   priority: None
[0m17:45:04.671626 [info ] [MainThread]:   maximum_bytes_billed: None
[0m17:45:04.671795 [info ] [MainThread]:   impersonate_service_account: None
[0m17:45:04.671967 [info ] [MainThread]:   job_retry_deadline_seconds: None
[0m17:45:04.672137 [info ] [MainThread]:   job_retries: 1
[0m17:45:04.672305 [info ] [MainThread]:   job_creation_timeout_seconds: None
[0m17:45:04.672473 [info ] [MainThread]:   job_execution_timeout_seconds: 300
[0m17:45:04.672724 [info ] [MainThread]:   timeout_seconds: 300
[0m17:45:04.672963 [info ] [MainThread]:   client_id: None
[0m17:45:04.673230 [info ] [MainThread]:   token_uri: None
[0m17:45:04.673504 [info ] [MainThread]:   compute_region: None
[0m17:45:04.673699 [info ] [MainThread]:   dataproc_cluster_name: None
[0m17:45:04.673884 [info ] [MainThread]:   gcs_bucket: None
[0m17:45:04.674062 [info ] [MainThread]:   dataproc_batch: None
[0m17:45:04.674825 [info ] [MainThread]: Registered adapter: bigquery=1.10.2
[0m17:45:04.907160 [debug] [MainThread]: Acquiring new bigquery connection 'debug'
[0m17:45:04.908327 [debug] [MainThread]: On debug: select 1 as id
[0m17:45:04.908845 [debug] [MainThread]: Opening a new connection, currently in state init
{"data": {"kwargs": "{'category': 'dbt', 'action': 'invocation', 'label': 'start', 'context': [<snowplow_tracker.self_describing_json.SelfDescribingJson object at 0x7fc228980610>, <snowplow_tracker.self_describing_json.SelfDescribingJson object at 0x7fc258e5b700>, <snowplow_tracker.self_describing_json.SelfDescribingJson object at 0x7fc258e5b8e0>]}"}, "info": {"category": "", "code": "Z040", "extra": {}, "invocation_id": "0f792b12-4b18-4366-82b2-8128b31051a2", "level": "debug", "msg": "Sending event: {'category': 'dbt', 'action': 'invocation', 'label': 'start', 'context': [<snowplow_tracker.self_describing_json.SelfDescribingJson object at 0x7fc228980610>, <snowplow_tracker.self_describing_json.SelfDescribingJson object at 0x7fc258e5b700>, <snowplow_tracker.self_describing_json.SelfDescribingJson object at 0x7fc258e5b8e0>]}", "name": "SendingEvent", "pid": 2907, "thread": "MainThread", "ts": "2026-04-03T16:45:06.118753Z"}}
{"data": {"log_version": 3, "version": "=1.11.0-b3"}, "info": {"category": "", "code": "A001", "extra": {}, "invocation_id": "0f792b12-4b18-4366-82b2-8128b31051a2", "level": "info", "msg": "Running with dbt=1.11.0-b3", "name": "MainReportVersion", "pid": 2907, "thread": "MainThread", "ts": "2026-04-03T16:45:06.122503Z"}}
{"data": {"args": {"cache_selected_only": "False", "debug": "False", "empty": "None", "fail_fast": "False", "indirect_selection": "eager", "introspect": "True", "invocation_command": "dbt parse --log-format json", "log_cache_events": "False", "log_format": "json", "log_path": "/Users/tayfoorahmed/Downloads/Programming Languages/SQL/flight-analytics-dbt/logs", "no_print": "None", "partial_parse": "True", "printer_width": "80", "profiles_dir": "/Users/tayfoorahmed/.dbt", "quiet": "False", "send_anonymous_usage_stats": "True", "static_parser": "True", "target_path": "None", "use_colors": "True", "use_experimental_parser": "False", "version_check": "True", "warn_error": "None", "warn_error_options": "WarnErrorOptionsV2(error=[], warn=[], silence=[])", "write_json": "True"}}, "info": {"category": "", "code": "A002", "extra": {}, "invocation_id": "0f792b12-4b18-4366-82b2-8128b31051a2", "level": "debug", "msg": "running dbt with arguments {'indirect_selection': 'eager', 'profiles_dir': '/Users/tayfoorahmed/.dbt', 'empty': 'None', 'static_parser': 'True', 'log_format': 'json', 'fail_fast': 'False', 'invocation_command': 'dbt parse --log-format json', 'use_colors': 'True', 'quiet': 'False', 'target_path': 'None', 'debug': 'False', 'cache_selected_only': 'False', 'version_check': 'True', 'warn_error': 'None', 'warn_error_options': 'WarnErrorOptionsV2(error=[], warn=[], silence=[])', 'log_path': '/Users/tayfoorahmed/Downloads/Programming Languages/SQL/flight-analytics-dbt/logs', 'use_experimental_parser': 'False', 'write_json': 'True', 'introspect': 'True', 'partial_parse': 'True', 'send_anonymous_usage_stats': 'True', 'no_print': 'None', 'log_cache_events': 'False', 'printer_width': '80'}", "name": "MainReportArgs", "pid": 2907, "thread": "MainThread", "ts": "2026-04-03T16:45:06.122992Z"}}
[0m17:45:06.642209 [debug] [MainThread]: BigQuery adapter: https://console.cloud.google.com/bigquery?project=flight-analytics-dbt&j=bq:europe-west2:afaca82e-0486-4cb1-a536-1a35e8a0d6f6&page=queryresults
[0m17:45:07.024243 [info ] [MainThread]:   Connection test: [[32mOK connection ok[0m]

[0m17:45:07.024621 [info ] [MainThread]: [32mAll checks passed![0m
[0m17:45:07.028366 [debug] [MainThread]: Resource report: {"command_name": "debug", "command_success": true, "command_wall_clock_time": 4.2857556, "process_in_blocks": "0", "process_kernel_time": 0.461846, "process_mem_max_rss": "360517632", "process_out_blocks": "0", "process_user_time": 2.730693}
[0m17:45:07.028837 [debug] [MainThread]: Command `dbt debug` succeeded at 17:45:07.028747 after 4.29 seconds
[0m17:45:07.029128 [debug] [MainThread]: Connection 'debug' was properly closed.
[0m17:45:07.029412 [debug] [MainThread]: Sending event: {'category': 'dbt', 'action': 'invocation', 'label': 'end', 'context': [<snowplow_tracker.self_describing_json.SelfDescribingJson object at 0x7fbd28aba5b0>, <snowplow_tracker.self_describing_json.SelfDescribingJson object at 0x7fbd4b8bbe50>, <snowplow_tracker.self_describing_json.SelfDescribingJson object at 0x7fbd4b8bb7f0>]}
[0m17:45:07.029748 [debug] [MainThread]: Flushing usage events
[0m17:45:07.669105 [debug] [MainThread]: An error was encountered while trying to flush usage events
{"data": {"kwargs": "{'category': 'dbt', 'action': 'project_id', 'label': '0f792b12-4b18-4366-82b2-8128b31051a2', 'context': [<snowplow_tracker.self_describing_json.SelfDescribingJson object at 0x7fc239ae79d0>]}"}, "info": {"category": "", "code": "Z040", "extra": {}, "invocation_id": "0f792b12-4b18-4366-82b2-8128b31051a2", "level": "debug", "msg": "Sending event: {'category': 'dbt', 'action': 'project_id', 'label': '0f792b12-4b18-4366-82b2-8128b31051a2', 'context': [<snowplow_tracker.self_describing_json.SelfDescribingJson object at 0x7fc239ae79d0>]}", "name": "SendingEvent", "pid": 2907, "thread": "MainThread", "ts": "2026-04-03T16:45:07.696985Z"}}
{"data": {"kwargs": "{'category': 'dbt', 'action': 'adapter_info', 'label': '0f792b12-4b18-4366-82b2-8128b31051a2', 'context': [<snowplow_tracker.self_describing_json.SelfDescribingJson object at 0x7fc248a4bb80>]}"}, "info": {"category": "", "code": "Z040", "extra": {}, "invocation_id": "0f792b12-4b18-4366-82b2-8128b31051a2", "level": "debug", "msg": "Sending event: {'category': 'dbt', 'action': 'adapter_info', 'label': '0f792b12-4b18-4366-82b2-8128b31051a2', 'context': [<snowplow_tracker.self_describing_json.SelfDescribingJson object at 0x7fc248a4bb80>]}", "name": "SendingEvent", "pid": 2907, "thread": "MainThread", "ts": "2026-04-03T16:45:07.741325Z"}}
{"data": {"adapter_name": "bigquery", "adapter_version": "=1.10.2"}, "info": {"category": "", "code": "E034", "extra": {}, "invocation_id": "0f792b12-4b18-4366-82b2-8128b31051a2", "level": "info", "msg": "Registered adapter: bigquery=1.10.2", "name": "AdapterRegistered", "pid": 2907, "thread": "MainThread", "ts": "2026-04-03T16:45:07.742131Z"}}
{"data": {"checksum": "e63134dccc1251cfb572caf0e4aa952f030c125ee3634f3bf2c0a2e1bb6ae349", "profile": "", "target": "", "vars": "{}", "version": "1.11.0b3"}, "info": {"category": "", "code": "I025", "extra": {}, "invocation_id": "0f792b12-4b18-4366-82b2-8128b31051a2", "level": "debug", "msg": "checksum: e63134dccc1251cfb572caf0e4aa952f030c125ee3634f3bf2c0a2e1bb6ae349, vars: {}, profile: , target: , version: 1.11.0b3", "name": "StateCheckVarsHash", "pid": 2907, "thread": "MainThread", "ts": "2026-04-03T16:45:07.970392Z"}}
{"data": {"reason": "saved manifest not found. Starting full parse."}, "info": {"category": "", "code": "I024", "extra": {}, "invocation_id": "0f792b12-4b18-4366-82b2-8128b31051a2", "level": "info", "msg": "Unable to do partial parsing because saved manifest not found. Starting full parse.", "name": "UnableToPartialParse", "pid": 2907, "thread": "MainThread", "ts": "2026-04-03T16:45:07.971273Z"}}
{"data": {"kwargs": "{'category': 'dbt', 'action': 'partial_parser', 'label': '0f792b12-4b18-4366-82b2-8128b31051a2', 'context': [<snowplow_tracker.self_describing_json.SelfDescribingJson object at 0x7fc23b104fa0>]}"}, "info": {"category": "", "code": "Z040", "extra": {}, "invocation_id": "0f792b12-4b18-4366-82b2-8128b31051a2", "level": "debug", "msg": "Sending event: {'category': 'dbt', 'action': 'partial_parser', 'label': '0f792b12-4b18-4366-82b2-8128b31051a2', 'context': [<snowplow_tracker.self_describing_json.SelfDescribingJson object at 0x7fc23b104fa0>]}", "name": "SendingEvent", "pid": 2907, "thread": "MainThread", "ts": "2026-04-03T16:45:07.971675Z"}}
{"data": {"test_name": "`not_null` defined on 'stg_airports' in package 'flight_dbt' (models/staging/schema.yml)"}, "info": {"category": "", "code": "D039", "extra": {}, "invocation_id": "0f792b12-4b18-4366-82b2-8128b31051a2", "level": "warn", "msg": "[\u001b[33mWARNING\u001b[0m][MissingArgumentsPropertyInGenericTestDeprecation]: Deprecated\nfunctionality\nFound top-level arguments to test `not_null` defined on 'stg_airports' in\npackage 'flight_dbt' (models/staging/schema.yml). Arguments to generic tests\nshould be nested under the `arguments` property.", "name": "MissingArgumentsPropertyInGenericTestDeprecation", "pid": 2907, "thread": "MainThread", "ts": "2026-04-03T16:45:09.000542Z"}}
{"data": {"kwargs": "{'category': 'dbt', 'action': 'deprecation', 'label': '0f792b12-4b18-4366-82b2-8128b31051a2', 'property_': 'warn', 'context': [<snowplow_tracker.self_describing_json.SelfDescribingJson object at 0x7fc25b210df0>]}"}, "info": {"category": "", "code": "Z040", "extra": {}, "invocation_id": "0f792b12-4b18-4366-82b2-8128b31051a2", "level": "debug", "msg": "Sending event: {'category': 'dbt', 'action': 'deprecation', 'label': '0f792b12-4b18-4366-82b2-8128b31051a2', 'property_': 'warn', 'context': [<snowplow_tracker.self_describing_json.SelfDescribingJson object at 0x7fc25b210df0>]}", "name": "SendingEvent", "pid": 2907, "thread": "MainThread", "ts": "2026-04-03T16:45:09.001115Z"}}
{"data": {"exc": "Parsing Error\n  Invalid sources config given in models/sources/sources.yml @ sources: {'name': 'flights', 'catalog': 'workspace', 'schema': 'flight_analytics', 'tables': [{'name': 'airline'}, {'name': 'airports'}, {'name': 'arrivals'}, {'name': 'cities'}, {'name': 'codeshare'}, {'name': 'countries'}, {'name': 'departure'}, {'name': 'flight_details'}, {'name': 'routes'}]} - at path []: Additional properties are not allowed ('catalog' was unexpected)"}, "info": {"category": "", "code": "Z002", "extra": {}, "invocation_id": "0f792b12-4b18-4366-82b2-8128b31051a2", "level": "error", "msg": "Encountered an error:\nParsing Error\n  Invalid sources config given in models/sources/sources.yml @ sources: {'name': 'flights', 'catalog': 'workspace', 'schema': 'flight_analytics', 'tables': [{'name': 'airline'}, {'name': 'airports'}, {'name': 'arrivals'}, {'name': 'cities'}, {'name': 'codeshare'}, {'name': 'countries'}, {'name': 'departure'}, {'name': 'flight_details'}, {'name': 'routes'}]} - at path []: Additional properties are not allowed ('catalog' was unexpected)", "name": "MainEncounteredError", "pid": 2907, "thread": "MainThread", "ts": "2026-04-03T16:45:09.352620Z"}}
{"data": {"show_all_hint": true, "summaries": [{"event_code": "D039", "event_name": "MissingArgumentsPropertyInGenericTestDeprecation", "occurrences": 47}]}, "info": {"category": "", "code": "D028", "extra": {}, "invocation_id": "0f792b12-4b18-4366-82b2-8128b31051a2", "level": "warn", "msg": "[\u001b[33mWARNING\u001b[0m][DeprecationsSummary]: Deprecated functionality\nSummary of encountered deprecations:\n- MissingArgumentsPropertyInGenericTestDeprecation: 47 occurrences\nTo see all deprecation instances instead of just the first occurrence of each,\nrun command again with the `--show-all-deprecations` flag. You may also need to\nrun with `--no-partial-parse` as some deprecations are only encountered during\nparsing.", "name": "DeprecationsSummary", "pid": 2907, "thread": "MainThread", "ts": "2026-04-03T16:45:09.353269Z"}}
{"data": {"command_name": "parse", "command_success": false, "command_wall_clock_time": 3.3121498, "process_in_blocks": "0", "process_kernel_time": 0.41553, "process_mem_max_rss": "365912064", "process_out_blocks": "0", "process_user_time": 3.835219}, "info": {"category": "", "code": "Z051", "extra": {}, "invocation_id": "0f792b12-4b18-4366-82b2-8128b31051a2", "level": "debug", "msg": "Resource report: {\"command_name\": \"parse\", \"command_success\": false, \"command_wall_clock_time\": 3.3121498, \"process_in_blocks\": \"0\", \"process_kernel_time\": 0.41553, \"process_mem_max_rss\": \"365912064\", \"process_out_blocks\": \"0\", \"process_user_time\": 3.835219}", "name": "ResourceReport", "pid": 2907, "thread": "MainThread", "ts": "2026-04-03T16:45:09.356744Z"}}
{"data": {"command": "dbt parse", "completed_at": "2026-04-03T16:45:09.357243Z", "elapsed": 3.313207, "success": false}, "info": {"category": "", "code": "Q039", "extra": {}, "invocation_id": "0f792b12-4b18-4366-82b2-8128b31051a2", "level": "debug", "msg": "Command `dbt parse` failed at 17:45:09.357243 after 3.31 seconds", "name": "CommandCompleted", "pid": 2907, "thread": "MainThread", "ts": "2026-04-03T16:45:09.357531Z"}}
{"data": {"kwargs": "{'category': 'dbt', 'action': 'invocation', 'label': 'end', 'context': [<snowplow_tracker.self_describing_json.SelfDescribingJson object at 0x7fc228980610>, <snowplow_tracker.self_describing_json.SelfDescribingJson object at 0x7fc25b08e640>, <snowplow_tracker.self_describing_json.SelfDescribingJson object at 0x7fc23b19c220>]}"}, "info": {"category": "", "code": "Z040", "extra": {}, "invocation_id": "0f792b12-4b18-4366-82b2-8128b31051a2", "level": "debug", "msg": "Sending event: {'category': 'dbt', 'action': 'invocation', 'label': 'end', 'context': [<snowplow_tracker.self_describing_json.SelfDescribingJson object at 0x7fc228980610>, <snowplow_tracker.self_describing_json.SelfDescribingJson object at 0x7fc25b08e640>, <snowplow_tracker.self_describing_json.SelfDescribingJson object at 0x7fc23b19c220>]}", "name": "SendingEvent", "pid": 2907, "thread": "MainThread", "ts": "2026-04-03T16:45:09.357935Z"}}
{"data": {}, "info": {"category": "", "code": "Z042", "extra": {}, "invocation_id": "0f792b12-4b18-4366-82b2-8128b31051a2", "level": "debug", "msg": "Flushing usage events", "name": "FlushEvents", "pid": 2907, "thread": "MainThread", "ts": "2026-04-03T16:45:09.358261Z"}}
{"data": {}, "info": {"category": "", "code": "Z043", "extra": {}, "invocation_id": "0f792b12-4b18-4366-82b2-8128b31051a2", "level": "debug", "msg": "An error was encountered while trying to flush usage events", "name": "FlushEventsFailure", "pid": 2907, "thread": "MainThread", "ts": "2026-04-03T16:45:10.226466Z"}}
[0m17:45:19.182642 [debug] [MainThread]: Sending event: {'category': 'dbt', 'action': 'invocation', 'label': 'start', 'context': [<snowplow_tracker.self_describing_json.SelfDescribingJson object at 0x7f7fa8693550>, <snowplow_tracker.self_describing_json.SelfDescribingJson object at 0x7f7fc920a970>, <snowplow_tracker.self_describing_json.SelfDescribingJson object at 0x7f7fc920ab50>]}


============================== 17:45:19.186255 | b33825b9-4472-48d2-bdd0-4ab8e0703437 ==============================
[0m17:45:19.186255 [info ] [MainThread]: Running with dbt=1.11.0-b3
[0m17:45:19.186699 [debug] [MainThread]: running dbt with arguments {'warn_error': 'None', 'fail_fast': 'False', 'use_experimental_parser': 'False', 'version_check': 'True', 'invocation_command': 'dbt debug', 'static_parser': 'True', 'cache_selected_only': 'False', 'use_colors': 'True', 'empty': 'None', 'log_path': '/Users/tayfoorahmed/Downloads/Programming Languages/SQL/flight-analytics-dbt/logs', 'quiet': 'False', 'log_format': 'default', 'write_json': 'True', 'indirect_selection': 'eager', 'target_path': 'None', 'introspect': 'True', 'send_anonymous_usage_stats': 'True', 'partial_parse': 'True', 'no_print': 'None', 'log_cache_events': 'False', 'debug': 'False', 'profiles_dir': '/Users/tayfoorahmed/.dbt', 'warn_error_options': 'WarnErrorOptionsV2(error=[], warn=[], silence=[])', 'printer_width': '80'}
[0m17:45:19.192825 [info ] [MainThread]: dbt version: 1.11.0-b3
[0m17:45:19.193082 [info ] [MainThread]: python version: 3.9.1
[0m17:45:19.193281 [info ] [MainThread]: python path: /Users/tayfoorahmed/Downloads/Programming Languages/SQL/dbt-env/bin/python3
[0m17:45:19.193471 [info ] [MainThread]: os info: macOS-26.3.1-x86_64-i386-64bit
[0m17:45:20.744521 [info ] [MainThread]: Using profiles dir at /Users/tayfoorahmed/.dbt
[0m17:45:20.744881 [info ] [MainThread]: Using profiles.yml file at /Users/tayfoorahmed/.dbt/profiles.yml
[0m17:45:20.745094 [info ] [MainThread]: Using dbt_project.yml file at /Users/tayfoorahmed/Downloads/Programming Languages/SQL/flight-analytics-dbt/dbt_project.yml
[0m17:45:20.745307 [info ] [MainThread]: adapter type: bigquery
[0m17:45:20.745493 [info ] [MainThread]: adapter version: 1.10.2
[0m17:45:20.819030 [info ] [MainThread]: Configuration:
[0m17:45:20.819346 [info ] [MainThread]:   profiles.yml file [[32mOK found and valid[0m]
[0m17:45:20.819551 [info ] [MainThread]:   dbt_project.yml file [[32mOK found and valid[0m]
[0m17:45:20.819743 [info ] [MainThread]: Required dependencies:
[0m17:45:20.819994 [debug] [MainThread]: Executing "git --help"
[0m17:45:20.858237 [debug] [MainThread]: STDOUT: "b"usage: git [-v | --version] [-h | --help] [-C <path>] [-c <name>=<value>]\n           [--exec-path[=<path>]] [--html-path] [--man-path] [--info-path]\n           [-p | --paginate | -P | --no-pager] [--no-replace-objects] [--bare]\n           [--git-dir=<path>] [--work-tree=<path>] [--namespace=<name>]\n           [--config-env=<name>=<envvar>] <command> [<args>]\n\nThese are common Git commands used in various situations:\n\nstart a working area (see also: git help tutorial)\n   clone     Clone a repository into a new directory\n   init      Create an empty Git repository or reinitialize an existing one\n\nwork on the current change (see also: git help everyday)\n   add       Add file contents to the index\n   mv        Move or rename a file, a directory, or a symlink\n   restore   Restore working tree files\n   rm        Remove files from the working tree and from the index\n\nexamine the history and state (see also: git help revisions)\n   bisect    Use binary search to find the commit that introduced a bug\n   diff      Show changes between commits, commit and working tree, etc\n   grep      Print lines matching a pattern\n   log       Show commit logs\n   show      Show various types of objects\n   status    Show the working tree status\n\ngrow, mark and tweak your common history\n   branch    List, create, or delete branches\n   commit    Record changes to the repository\n   merge     Join two or more development histories together\n   rebase    Reapply commits on top of another base tip\n   reset     Reset current HEAD to the specified state\n   switch    Switch branches\n   tag       Create, list, delete or verify a tag object signed with GPG\n\ncollaborate (see also: git help workflows)\n   fetch     Download objects and refs from another repository\n   pull      Fetch from and integrate with another repository or a local branch\n   push      Update remote refs along with associated objects\n\n'git help -a' and 'git help -g' list available subcommands and some\nconcept guides. See 'git help <command>' or 'git help <concept>'\nto read about a specific subcommand or concept.\nSee 'git help git' for an overview of the system.\n""
[0m17:45:20.858959 [debug] [MainThread]: STDERR: "b''"
[0m17:45:20.859249 [info ] [MainThread]:  - git [[32mOK found[0m]

[0m17:45:20.859487 [info ] [MainThread]: Connection:
[0m17:45:20.859772 [info ] [MainThread]:   method: oauth
[0m17:45:20.859957 [info ] [MainThread]:   database: flight-analytics-dbt
[0m17:45:20.860132 [info ] [MainThread]:   execution_project: flight-analytics-dbt
[0m17:45:20.860308 [info ] [MainThread]:   schema: flights
[0m17:45:20.860481 [info ] [MainThread]:   location: europe-west2
[0m17:45:20.860654 [info ] [MainThread]:   priority: None
[0m17:45:20.860823 [info ] [MainThread]:   maximum_bytes_billed: None
[0m17:45:20.860991 [info ] [MainThread]:   impersonate_service_account: None
[0m17:45:20.861162 [info ] [MainThread]:   job_retry_deadline_seconds: None
[0m17:45:20.861333 [info ] [MainThread]:   job_retries: 1
[0m17:45:20.861504 [info ] [MainThread]:   job_creation_timeout_seconds: None
[0m17:45:20.861675 [info ] [MainThread]:   job_execution_timeout_seconds: 300
[0m17:45:20.861846 [info ] [MainThread]:   timeout_seconds: 300
[0m17:45:20.862016 [info ] [MainThread]:   client_id: None
[0m17:45:20.862184 [info ] [MainThread]:   token_uri: None
[0m17:45:20.862352 [info ] [MainThread]:   compute_region: None
[0m17:45:20.862518 [info ] [MainThread]:   dataproc_cluster_name: None
[0m17:45:20.862685 [info ] [MainThread]:   gcs_bucket: None
[0m17:45:20.862853 [info ] [MainThread]:   dataproc_batch: None
[0m17:45:20.863615 [info ] [MainThread]: Registered adapter: bigquery=1.10.2
[0m17:45:21.071146 [debug] [MainThread]: Acquiring new bigquery connection 'debug'
[0m17:45:21.071778 [debug] [MainThread]: On debug: select 1 as id
[0m17:45:21.072100 [debug] [MainThread]: Opening a new connection, currently in state init
{"data": {"kwargs": "{'category': 'dbt', 'action': 'invocation', 'label': 'start', 'context': [<snowplow_tracker.self_describing_json.SelfDescribingJson object at 0x7f9f809a25b0>, <snowplow_tracker.self_describing_json.SelfDescribingJson object at 0x7f9f80c7b9a0>, <snowplow_tracker.self_describing_json.SelfDescribingJson object at 0x7f9f80c7bb80>]}"}, "info": {"category": "", "code": "Z040", "extra": {}, "invocation_id": "d6c5dce5-945c-4780-8f7b-46d8c7f7d29d", "level": "debug", "msg": "Sending event: {'category': 'dbt', 'action': 'invocation', 'label': 'start', 'context': [<snowplow_tracker.self_describing_json.SelfDescribingJson object at 0x7f9f809a25b0>, <snowplow_tracker.self_describing_json.SelfDescribingJson object at 0x7f9f80c7b9a0>, <snowplow_tracker.self_describing_json.SelfDescribingJson object at 0x7f9f80c7bb80>]}", "name": "SendingEvent", "pid": 3018, "thread": "MainThread", "ts": "2026-04-03T16:45:22.290251Z"}}
{"data": {"log_version": 3, "version": "=1.11.0-b3"}, "info": {"category": "", "code": "A001", "extra": {}, "invocation_id": "d6c5dce5-945c-4780-8f7b-46d8c7f7d29d", "level": "info", "msg": "Running with dbt=1.11.0-b3", "name": "MainReportVersion", "pid": 3018, "thread": "MainThread", "ts": "2026-04-03T16:45:22.293681Z"}}
{"data": {"args": {"cache_selected_only": "False", "debug": "False", "empty": "None", "fail_fast": "False", "indirect_selection": "eager", "introspect": "True", "invocation_command": "dbt parse --log-format json", "log_cache_events": "False", "log_format": "json", "log_path": "/Users/tayfoorahmed/Downloads/Programming Languages/SQL/flight-analytics-dbt/logs", "no_print": "None", "partial_parse": "True", "printer_width": "80", "profiles_dir": "/Users/tayfoorahmed/.dbt", "quiet": "False", "send_anonymous_usage_stats": "True", "static_parser": "True", "target_path": "None", "use_colors": "True", "use_experimental_parser": "False", "version_check": "True", "warn_error": "None", "warn_error_options": "WarnErrorOptionsV2(error=[], warn=[], silence=[])", "write_json": "True"}}, "info": {"category": "", "code": "A002", "extra": {}, "invocation_id": "d6c5dce5-945c-4780-8f7b-46d8c7f7d29d", "level": "debug", "msg": "running dbt with arguments {'invocation_command': 'dbt parse --log-format json', 'version_check': 'True', 'introspect': 'True', 'fail_fast': 'False', 'warn_error_options': 'WarnErrorOptionsV2(error=[], warn=[], silence=[])', 'debug': 'False', 'use_experimental_parser': 'False', 'printer_width': '80', 'profiles_dir': '/Users/tayfoorahmed/.dbt', 'log_path': '/Users/tayfoorahmed/Downloads/Programming Languages/SQL/flight-analytics-dbt/logs', 'send_anonymous_usage_stats': 'True', 'indirect_selection': 'eager', 'use_colors': 'True', 'quiet': 'False', 'no_print': 'None', 'target_path': 'None', 'cache_selected_only': 'False', 'write_json': 'True', 'warn_error': 'None', 'log_format': 'json', 'log_cache_events': 'False', 'partial_parse': 'True', 'static_parser': 'True', 'empty': 'None'}", "name": "MainReportArgs", "pid": 3018, "thread": "MainThread", "ts": "2026-04-03T16:45:22.294150Z"}}
[0m17:45:22.617790 [debug] [MainThread]: BigQuery adapter: https://console.cloud.google.com/bigquery?project=flight-analytics-dbt&j=bq:europe-west2:27a3ecba-0250-4a1b-ab0c-ebf29e98b76d&page=queryresults
[0m17:45:22.982874 [info ] [MainThread]:   Connection test: [[32mOK connection ok[0m]

[0m17:45:22.983249 [info ] [MainThread]: [32mAll checks passed![0m
[0m17:45:22.986839 [debug] [MainThread]: Resource report: {"command_name": "debug", "command_success": true, "command_wall_clock_time": 3.8787074, "process_in_blocks": "0", "process_kernel_time": 0.403257, "process_mem_max_rss": "358690816", "process_out_blocks": "0", "process_user_time": 2.557174}
[0m17:45:22.987249 [debug] [MainThread]: Command `dbt debug` succeeded at 17:45:22.987164 after 3.88 seconds
[0m17:45:22.987516 [debug] [MainThread]: Connection 'debug' was properly closed.
[0m17:45:22.987790 [debug] [MainThread]: Sending event: {'category': 'dbt', 'action': 'invocation', 'label': 'end', 'context': [<snowplow_tracker.self_describing_json.SelfDescribingJson object at 0x7f7fa8693550>, <snowplow_tracker.self_describing_json.SelfDescribingJson object at 0x7f7fab6f05b0>, <snowplow_tracker.self_describing_json.SelfDescribingJson object at 0x7f7fab6f0d30>]}
[0m17:45:22.988113 [debug] [MainThread]: Flushing usage events
[0m17:45:23.808548 [debug] [MainThread]: An error was encountered while trying to flush usage events
{"data": {"kwargs": "{'category': 'dbt', 'action': 'project_id', 'label': 'd6c5dce5-945c-4780-8f7b-46d8c7f7d29d', 'context': [<snowplow_tracker.self_describing_json.SelfDescribingJson object at 0x7f9f82341940>]}"}, "info": {"category": "", "code": "Z040", "extra": {}, "invocation_id": "d6c5dce5-945c-4780-8f7b-46d8c7f7d29d", "level": "debug", "msg": "Sending event: {'category': 'dbt', 'action': 'project_id', 'label': 'd6c5dce5-945c-4780-8f7b-46d8c7f7d29d', 'context': [<snowplow_tracker.self_describing_json.SelfDescribingJson object at 0x7f9f82341940>]}", "name": "SendingEvent", "pid": 3018, "thread": "MainThread", "ts": "2026-04-03T16:45:23.843333Z"}}
{"data": {"kwargs": "{'category': 'dbt', 'action': 'adapter_info', 'label': 'd6c5dce5-945c-4780-8f7b-46d8c7f7d29d', 'context': [<snowplow_tracker.self_describing_json.SelfDescribingJson object at 0x7f9f710751f0>]}"}, "info": {"category": "", "code": "Z040", "extra": {}, "invocation_id": "d6c5dce5-945c-4780-8f7b-46d8c7f7d29d", "level": "debug", "msg": "Sending event: {'category': 'dbt', 'action': 'adapter_info', 'label': 'd6c5dce5-945c-4780-8f7b-46d8c7f7d29d', 'context': [<snowplow_tracker.self_describing_json.SelfDescribingJson object at 0x7f9f710751f0>]}", "name": "SendingEvent", "pid": 3018, "thread": "MainThread", "ts": "2026-04-03T16:45:23.886832Z"}}
{"data": {"adapter_name": "bigquery", "adapter_version": "=1.10.2"}, "info": {"category": "", "code": "E034", "extra": {}, "invocation_id": "d6c5dce5-945c-4780-8f7b-46d8c7f7d29d", "level": "info", "msg": "Registered adapter: bigquery=1.10.2", "name": "AdapterRegistered", "pid": 3018, "thread": "MainThread", "ts": "2026-04-03T16:45:23.887626Z"}}
{"data": {"checksum": "e63134dccc1251cfb572caf0e4aa952f030c125ee3634f3bf2c0a2e1bb6ae349", "profile": "", "target": "", "vars": "{}", "version": "1.11.0b3"}, "info": {"category": "", "code": "I025", "extra": {}, "invocation_id": "d6c5dce5-945c-4780-8f7b-46d8c7f7d29d", "level": "debug", "msg": "checksum: e63134dccc1251cfb572caf0e4aa952f030c125ee3634f3bf2c0a2e1bb6ae349, vars: {}, profile: , target: , version: 1.11.0b3", "name": "StateCheckVarsHash", "pid": 3018, "thread": "MainThread", "ts": "2026-04-03T16:45:24.113238Z"}}
{"data": {"reason": "saved manifest not found. Starting full parse."}, "info": {"category": "", "code": "I024", "extra": {}, "invocation_id": "d6c5dce5-945c-4780-8f7b-46d8c7f7d29d", "level": "info", "msg": "Unable to do partial parsing because saved manifest not found. Starting full parse.", "name": "UnableToPartialParse", "pid": 3018, "thread": "MainThread", "ts": "2026-04-03T16:45:24.114150Z"}}
{"data": {"kwargs": "{'category': 'dbt', 'action': 'partial_parser', 'label': 'd6c5dce5-945c-4780-8f7b-46d8c7f7d29d', 'context': [<snowplow_tracker.self_describing_json.SelfDescribingJson object at 0x7f9f9215db20>]}"}, "info": {"category": "", "code": "Z040", "extra": {}, "invocation_id": "d6c5dce5-945c-4780-8f7b-46d8c7f7d29d", "level": "debug", "msg": "Sending event: {'category': 'dbt', 'action': 'partial_parser', 'label': 'd6c5dce5-945c-4780-8f7b-46d8c7f7d29d', 'context': [<snowplow_tracker.self_describing_json.SelfDescribingJson object at 0x7f9f9215db20>]}", "name": "SendingEvent", "pid": 3018, "thread": "MainThread", "ts": "2026-04-03T16:45:24.114580Z"}}
{"data": {"test_name": "`not_null` defined on 'stg_airports' in package 'flight_dbt' (models/staging/schema.yml)"}, "info": {"category": "", "code": "D039", "extra": {}, "invocation_id": "d6c5dce5-945c-4780-8f7b-46d8c7f7d29d", "level": "warn", "msg": "[\u001b[33mWARNING\u001b[0m][MissingArgumentsPropertyInGenericTestDeprecation]: Deprecated\nfunctionality\nFound top-level arguments to test `not_null` defined on 'stg_airports' in\npackage 'flight_dbt' (models/staging/schema.yml). Arguments to generic tests\nshould be nested under the `arguments` property.", "name": "MissingArgumentsPropertyInGenericTestDeprecation", "pid": 3018, "thread": "MainThread", "ts": "2026-04-03T16:45:25.173304Z"}}
{"data": {"kwargs": "{'category': 'dbt', 'action': 'deprecation', 'label': 'd6c5dce5-945c-4780-8f7b-46d8c7f7d29d', 'property_': 'warn', 'context': [<snowplow_tracker.self_describing_json.SelfDescribingJson object at 0x7f9f8258eb20>]}"}, "info": {"category": "", "code": "Z040", "extra": {}, "invocation_id": "d6c5dce5-945c-4780-8f7b-46d8c7f7d29d", "level": "debug", "msg": "Sending event: {'category': 'dbt', 'action': 'deprecation', 'label': 'd6c5dce5-945c-4780-8f7b-46d8c7f7d29d', 'property_': 'warn', 'context': [<snowplow_tracker.self_describing_json.SelfDescribingJson object at 0x7f9f8258eb20>]}", "name": "SendingEvent", "pid": 3018, "thread": "MainThread", "ts": "2026-04-03T16:45:25.173866Z"}}
{"data": {"exc": "Parsing Error\n  Invalid sources config given in models/sources/sources.yml @ sources: {'name': 'flights', 'catalog': 'workspace', 'schema': 'flight_analytics', 'tables': [{'name': 'airline'}, {'name': 'airports'}, {'name': 'arrivals'}, {'name': 'cities'}, {'name': 'codeshare'}, {'name': 'countries'}, {'name': 'departure'}, {'name': 'flight_details'}, {'name': 'routes'}]} - at path []: Additional properties are not allowed ('catalog' was unexpected)"}, "info": {"category": "", "code": "Z002", "extra": {}, "invocation_id": "d6c5dce5-945c-4780-8f7b-46d8c7f7d29d", "level": "error", "msg": "Encountered an error:\nParsing Error\n  Invalid sources config given in models/sources/sources.yml @ sources: {'name': 'flights', 'catalog': 'workspace', 'schema': 'flight_analytics', 'tables': [{'name': 'airline'}, {'name': 'airports'}, {'name': 'arrivals'}, {'name': 'cities'}, {'name': 'codeshare'}, {'name': 'countries'}, {'name': 'departure'}, {'name': 'flight_details'}, {'name': 'routes'}]} - at path []: Additional properties are not allowed ('catalog' was unexpected)", "name": "MainEncounteredError", "pid": 3018, "thread": "MainThread", "ts": "2026-04-03T16:45:25.519888Z"}}
{"data": {"show_all_hint": true, "summaries": [{"event_code": "D039", "event_name": "MissingArgumentsPropertyInGenericTestDeprecation", "occurrences": 47}]}, "info": {"category": "", "code": "D028", "extra": {}, "invocation_id": "d6c5dce5-945c-4780-8f7b-46d8c7f7d29d", "level": "warn", "msg": "[\u001b[33mWARNING\u001b[0m][DeprecationsSummary]: Deprecated functionality\nSummary of encountered deprecations:\n- MissingArgumentsPropertyInGenericTestDeprecation: 47 occurrences\nTo see all deprecation instances instead of just the first occurrence of each,\nrun command again with the `--show-all-deprecations` flag. You may also need to\nrun with `--no-partial-parse` as some deprecations are only encountered during\nparsing.", "name": "DeprecationsSummary", "pid": 3018, "thread": "MainThread", "ts": "2026-04-03T16:45:25.520506Z"}}
{"data": {"command_name": "parse", "command_success": false, "command_wall_clock_time": 3.3053977, "process_in_blocks": "0", "process_kernel_time": 0.385448, "process_mem_max_rss": "365735936", "process_out_blocks": "0", "process_user_time": 3.85405}, "info": {"category": "", "code": "Z051", "extra": {}, "invocation_id": "d6c5dce5-945c-4780-8f7b-46d8c7f7d29d", "level": "debug", "msg": "Resource report: {\"command_name\": \"parse\", \"command_success\": false, \"command_wall_clock_time\": 3.3053977, \"process_in_blocks\": \"0\", \"process_kernel_time\": 0.385448, \"process_mem_max_rss\": \"365735936\", \"process_out_blocks\": \"0\", \"process_user_time\": 3.85405}", "name": "ResourceReport", "pid": 3018, "thread": "MainThread", "ts": "2026-04-03T16:45:25.523902Z"}}
{"data": {"command": "dbt parse", "completed_at": "2026-04-03T16:45:25.524332Z", "elapsed": 3.306195, "success": false}, "info": {"category": "", "code": "Q039", "extra": {}, "invocation_id": "d6c5dce5-945c-4780-8f7b-46d8c7f7d29d", "level": "debug", "msg": "Command `dbt parse` failed at 17:45:25.524332 after 3.31 seconds", "name": "CommandCompleted", "pid": 3018, "thread": "MainThread", "ts": "2026-04-03T16:45:25.524616Z"}}
{"data": {"kwargs": "{'category': 'dbt', 'action': 'invocation', 'label': 'end', 'context': [<snowplow_tracker.self_describing_json.SelfDescribingJson object at 0x7f9f809a25b0>, <snowplow_tracker.self_describing_json.SelfDescribingJson object at 0x7f9f629fa100>, <snowplow_tracker.self_describing_json.SelfDescribingJson object at 0x7f9f80a6ca30>]}"}, "info": {"category": "", "code": "Z040", "extra": {}, "invocation_id": "d6c5dce5-945c-4780-8f7b-46d8c7f7d29d", "level": "debug", "msg": "Sending event: {'category': 'dbt', 'action': 'invocation', 'label': 'end', 'context': [<snowplow_tracker.self_describing_json.SelfDescribingJson object at 0x7f9f809a25b0>, <snowplow_tracker.self_describing_json.SelfDescribingJson object at 0x7f9f629fa100>, <snowplow_tracker.self_describing_json.SelfDescribingJson object at 0x7f9f80a6ca30>]}", "name": "SendingEvent", "pid": 3018, "thread": "MainThread", "ts": "2026-04-03T16:45:25.525005Z"}}
{"data": {}, "info": {"category": "", "code": "Z042", "extra": {}, "invocation_id": "d6c5dce5-945c-4780-8f7b-46d8c7f7d29d", "level": "debug", "msg": "Flushing usage events", "name": "FlushEvents", "pid": 3018, "thread": "MainThread", "ts": "2026-04-03T16:45:25.525335Z"}}
{"data": {}, "info": {"category": "", "code": "Z043", "extra": {}, "invocation_id": "d6c5dce5-945c-4780-8f7b-46d8c7f7d29d", "level": "debug", "msg": "An error was encountered while trying to flush usage events", "name": "FlushEventsFailure", "pid": 3018, "thread": "MainThread", "ts": "2026-04-03T16:45:26.229608Z"}}
[0m17:45:37.827165 [debug] [MainThread]: Sending event: {'category': 'dbt', 'action': 'invocation', 'label': 'start', 'context': [<snowplow_tracker.self_describing_json.SelfDescribingJson object at 0x7fa3608f2580>, <snowplow_tracker.self_describing_json.SelfDescribingJson object at 0x7fa37125aaf0>, <snowplow_tracker.self_describing_json.SelfDescribingJson object at 0x7fa37125acd0>]}


============================== 17:45:37.830676 | d960beac-5c18-49d5-aeaa-644a0239f4ad ==============================
[0m17:45:37.830676 [info ] [MainThread]: Running with dbt=1.11.0-b3
[0m17:45:37.831097 [debug] [MainThread]: running dbt with arguments {'static_parser': 'True', 'warn_error': 'None', 'indirect_selection': 'eager', 'empty': 'None', 'fail_fast': 'False', 'use_experimental_parser': 'False', 'target_path': 'None', 'write_json': 'True', 'debug': 'False', 'printer_width': '80', 'no_print': 'None', 'cache_selected_only': 'False', 'introspect': 'True', 'log_path': '/Users/tayfoorahmed/Downloads/Programming Languages/SQL/flight-analytics-dbt/logs', 'use_colors': 'True', 'log_format': 'default', 'log_cache_events': 'False', 'version_check': 'True', 'invocation_command': 'dbt debug', 'send_anonymous_usage_stats': 'True', 'profiles_dir': '/Users/tayfoorahmed/.dbt', 'warn_error_options': 'WarnErrorOptionsV2(error=[], warn=[], silence=[])', 'quiet': 'False', 'partial_parse': 'True'}
[0m17:45:37.837898 [info ] [MainThread]: dbt version: 1.11.0-b3
[0m17:45:37.838184 [info ] [MainThread]: python version: 3.9.1
[0m17:45:37.838392 [info ] [MainThread]: python path: /Users/tayfoorahmed/Downloads/Programming Languages/SQL/dbt-env/bin/python3
[0m17:45:37.838586 [info ] [MainThread]: os info: macOS-26.3.1-x86_64-i386-64bit
[0m17:45:39.345389 [info ] [MainThread]: Using profiles dir at /Users/tayfoorahmed/.dbt
[0m17:45:39.345748 [info ] [MainThread]: Using profiles.yml file at /Users/tayfoorahmed/.dbt/profiles.yml
[0m17:45:39.345973 [info ] [MainThread]: Using dbt_project.yml file at /Users/tayfoorahmed/Downloads/Programming Languages/SQL/flight-analytics-dbt/dbt_project.yml
[0m17:45:39.346181 [info ] [MainThread]: adapter type: bigquery
[0m17:45:39.346368 [info ] [MainThread]: adapter version: 1.10.2
[0m17:45:39.419993 [info ] [MainThread]: Configuration:
[0m17:45:39.420323 [info ] [MainThread]:   profiles.yml file [[32mOK found and valid[0m]
[0m17:45:39.420526 [info ] [MainThread]:   dbt_project.yml file [[32mOK found and valid[0m]
[0m17:45:39.420711 [info ] [MainThread]: Required dependencies:
[0m17:45:39.420959 [debug] [MainThread]: Executing "git --help"
[0m17:45:39.461270 [debug] [MainThread]: STDOUT: "b"usage: git [-v | --version] [-h | --help] [-C <path>] [-c <name>=<value>]\n           [--exec-path[=<path>]] [--html-path] [--man-path] [--info-path]\n           [-p | --paginate | -P | --no-pager] [--no-replace-objects] [--bare]\n           [--git-dir=<path>] [--work-tree=<path>] [--namespace=<name>]\n           [--config-env=<name>=<envvar>] <command> [<args>]\n\nThese are common Git commands used in various situations:\n\nstart a working area (see also: git help tutorial)\n   clone     Clone a repository into a new directory\n   init      Create an empty Git repository or reinitialize an existing one\n\nwork on the current change (see also: git help everyday)\n   add       Add file contents to the index\n   mv        Move or rename a file, a directory, or a symlink\n   restore   Restore working tree files\n   rm        Remove files from the working tree and from the index\n\nexamine the history and state (see also: git help revisions)\n   bisect    Use binary search to find the commit that introduced a bug\n   diff      Show changes between commits, commit and working tree, etc\n   grep      Print lines matching a pattern\n   log       Show commit logs\n   show      Show various types of objects\n   status    Show the working tree status\n\ngrow, mark and tweak your common history\n   branch    List, create, or delete branches\n   commit    Record changes to the repository\n   merge     Join two or more development histories together\n   rebase    Reapply commits on top of another base tip\n   reset     Reset current HEAD to the specified state\n   switch    Switch branches\n   tag       Create, list, delete or verify a tag object signed with GPG\n\ncollaborate (see also: git help workflows)\n   fetch     Download objects and refs from another repository\n   pull      Fetch from and integrate with another repository or a local branch\n   push      Update remote refs along with associated objects\n\n'git help -a' and 'git help -g' list available subcommands and some\nconcept guides. See 'git help <command>' or 'git help <concept>'\nto read about a specific subcommand or concept.\nSee 'git help git' for an overview of the system.\n""
[0m17:45:39.462004 [debug] [MainThread]: STDERR: "b''"
[0m17:45:39.462286 [info ] [MainThread]:  - git [[32mOK found[0m]

[0m17:45:39.462634 [info ] [MainThread]: Connection:
[0m17:45:39.463015 [info ] [MainThread]:   method: oauth
[0m17:45:39.463219 [info ] [MainThread]:   database: flight-analytics-dbt
[0m17:45:39.463399 [info ] [MainThread]:   execution_project: flight-analytics-dbt
[0m17:45:39.463577 [info ] [MainThread]:   schema: flights
[0m17:45:39.463751 [info ] [MainThread]:   location: europe-west2
[0m17:45:39.463924 [info ] [MainThread]:   priority: None
[0m17:45:39.464095 [info ] [MainThread]:   maximum_bytes_billed: None
[0m17:45:39.464263 [info ] [MainThread]:   impersonate_service_account: None
[0m17:45:39.464433 [info ] [MainThread]:   job_retry_deadline_seconds: None
[0m17:45:39.464601 [info ] [MainThread]:   job_retries: 1
[0m17:45:39.464771 [info ] [MainThread]:   job_creation_timeout_seconds: None
[0m17:45:39.464938 [info ] [MainThread]:   job_execution_timeout_seconds: 300
[0m17:45:39.465104 [info ] [MainThread]:   timeout_seconds: 300
[0m17:45:39.465268 [info ] [MainThread]:   client_id: None
[0m17:45:39.465433 [info ] [MainThread]:   token_uri: None
[0m17:45:39.465599 [info ] [MainThread]:   compute_region: None
[0m17:45:39.465767 [info ] [MainThread]:   dataproc_cluster_name: None
[0m17:45:39.465932 [info ] [MainThread]:   gcs_bucket: None
[0m17:45:39.466096 [info ] [MainThread]:   dataproc_batch: None
[0m17:45:39.466844 [info ] [MainThread]: Registered adapter: bigquery=1.10.2
[0m17:45:39.677391 [debug] [MainThread]: Acquiring new bigquery connection 'debug'
[0m17:45:39.678003 [debug] [MainThread]: On debug: select 1 as id
[0m17:45:39.678328 [debug] [MainThread]: Opening a new connection, currently in state init
[0m17:45:40.909010 [debug] [MainThread]: BigQuery adapter: https://console.cloud.google.com/bigquery?project=flight-analytics-dbt&j=bq:europe-west2:ebe0c819-2197-41db-ae49-794201f9cab3&page=queryresults
{"data": {"kwargs": "{'category': 'dbt', 'action': 'invocation', 'label': 'start', 'context': [<snowplow_tracker.self_describing_json.SelfDescribingJson object at 0x7fd4187b25b0>, <snowplow_tracker.self_describing_json.SelfDescribingJson object at 0x7fd418a839a0>, <snowplow_tracker.self_describing_json.SelfDescribingJson object at 0x7fd418a83b80>]}"}, "info": {"category": "", "code": "Z040", "extra": {}, "invocation_id": "77ea09d6-f041-4e3c-bb72-dc1845dbedfd", "level": "debug", "msg": "Sending event: {'category': 'dbt', 'action': 'invocation', 'label': 'start', 'context': [<snowplow_tracker.self_describing_json.SelfDescribingJson object at 0x7fd4187b25b0>, <snowplow_tracker.self_describing_json.SelfDescribingJson object at 0x7fd418a839a0>, <snowplow_tracker.self_describing_json.SelfDescribingJson object at 0x7fd418a83b80>]}", "name": "SendingEvent", "pid": 3137, "thread": "MainThread", "ts": "2026-04-03T16:45:40.988291Z"}}
{"data": {"log_version": 3, "version": "=1.11.0-b3"}, "info": {"category": "", "code": "A001", "extra": {}, "invocation_id": "77ea09d6-f041-4e3c-bb72-dc1845dbedfd", "level": "info", "msg": "Running with dbt=1.11.0-b3", "name": "MainReportVersion", "pid": 3137, "thread": "MainThread", "ts": "2026-04-03T16:45:40.991970Z"}}
{"data": {"args": {"cache_selected_only": "False", "debug": "False", "empty": "None", "fail_fast": "False", "indirect_selection": "eager", "introspect": "True", "invocation_command": "dbt parse --log-format json", "log_cache_events": "False", "log_format": "json", "log_path": "/Users/tayfoorahmed/Downloads/Programming Languages/SQL/flight-analytics-dbt/logs", "no_print": "None", "partial_parse": "True", "printer_width": "80", "profiles_dir": "/Users/tayfoorahmed/.dbt", "quiet": "False", "send_anonymous_usage_stats": "True", "static_parser": "True", "target_path": "None", "use_colors": "True", "use_experimental_parser": "False", "version_check": "True", "warn_error": "None", "warn_error_options": "WarnErrorOptionsV2(error=[], warn=[], silence=[])", "write_json": "True"}}, "info": {"category": "", "code": "A002", "extra": {}, "invocation_id": "77ea09d6-f041-4e3c-bb72-dc1845dbedfd", "level": "debug", "msg": "running dbt with arguments {'warn_error': 'None', 'printer_width': '80', 'debug': 'False', 'empty': 'None', 'cache_selected_only': 'False', 'target_path': 'None', 'invocation_command': 'dbt parse --log-format json', 'introspect': 'True', 'log_path': '/Users/tayfoorahmed/Downloads/Programming Languages/SQL/flight-analytics-dbt/logs', 'indirect_selection': 'eager', 'use_experimental_parser': 'False', 'write_json': 'True', 'no_print': 'None', 'log_format': 'json', 'static_parser': 'True', 'use_colors': 'True', 'log_cache_events': 'False', 'version_check': 'True', 'warn_error_options': 'WarnErrorOptionsV2(error=[], warn=[], silence=[])', 'profiles_dir': '/Users/tayfoorahmed/.dbt', 'fail_fast': 'False', 'send_anonymous_usage_stats': 'True', 'partial_parse': 'True', 'quiet': 'False'}", "name": "MainReportArgs", "pid": 3137, "thread": "MainThread", "ts": "2026-04-03T16:45:40.992457Z"}}
[0m17:45:41.220391 [info ] [MainThread]:   Connection test: [[32mOK connection ok[0m]

[0m17:45:41.220812 [info ] [MainThread]: [32mAll checks passed![0m
[0m17:45:41.224423 [debug] [MainThread]: Resource report: {"command_name": "debug", "command_success": true, "command_wall_clock_time": 3.4696167, "process_in_blocks": "0", "process_kernel_time": 0.411499, "process_mem_max_rss": "357847040", "process_out_blocks": "0", "process_user_time": 2.539462}
[0m17:45:41.225044 [debug] [MainThread]: Command `dbt debug` succeeded at 17:45:41.224882 after 3.47 seconds
[0m17:45:41.225440 [debug] [MainThread]: Connection 'debug' was properly closed.
[0m17:45:41.225824 [debug] [MainThread]: Sending event: {'category': 'dbt', 'action': 'invocation', 'label': 'end', 'context': [<snowplow_tracker.self_describing_json.SelfDescribingJson object at 0x7fa3608f2580>, <snowplow_tracker.self_describing_json.SelfDescribingJson object at 0x7fa3424098b0>, <snowplow_tracker.self_describing_json.SelfDescribingJson object at 0x7fa342409700>]}
[0m17:45:41.226230 [debug] [MainThread]: Flushing usage events
[0m17:45:41.958472 [debug] [MainThread]: An error was encountered while trying to flush usage events
{"data": {"kwargs": "{'category': 'dbt', 'action': 'project_id', 'label': '77ea09d6-f041-4e3c-bb72-dc1845dbedfd', 'context': [<snowplow_tracker.self_describing_json.SelfDescribingJson object at 0x7fd41a921940>]}"}, "info": {"category": "", "code": "Z040", "extra": {}, "invocation_id": "77ea09d6-f041-4e3c-bb72-dc1845dbedfd", "level": "debug", "msg": "Sending event: {'category': 'dbt', 'action': 'project_id', 'label': '77ea09d6-f041-4e3c-bb72-dc1845dbedfd', 'context': [<snowplow_tracker.self_describing_json.SelfDescribingJson object at 0x7fd41a921940>]}", "name": "SendingEvent", "pid": 3137, "thread": "MainThread", "ts": "2026-04-03T16:45:42.628701Z"}}
{"data": {"kwargs": "{'category': 'dbt', 'action': 'adapter_info', 'label': '77ea09d6-f041-4e3c-bb72-dc1845dbedfd', 'context': [<snowplow_tracker.self_describing_json.SelfDescribingJson object at 0x7fd43907e1f0>]}"}, "info": {"category": "", "code": "Z040", "extra": {}, "invocation_id": "77ea09d6-f041-4e3c-bb72-dc1845dbedfd", "level": "debug", "msg": "Sending event: {'category': 'dbt', 'action': 'adapter_info', 'label': '77ea09d6-f041-4e3c-bb72-dc1845dbedfd', 'context': [<snowplow_tracker.self_describing_json.SelfDescribingJson object at 0x7fd43907e1f0>]}", "name": "SendingEvent", "pid": 3137, "thread": "MainThread", "ts": "2026-04-03T16:45:42.669130Z"}}
{"data": {"adapter_name": "bigquery", "adapter_version": "=1.10.2"}, "info": {"category": "", "code": "E034", "extra": {}, "invocation_id": "77ea09d6-f041-4e3c-bb72-dc1845dbedfd", "level": "info", "msg": "Registered adapter: bigquery=1.10.2", "name": "AdapterRegistered", "pid": 3137, "thread": "MainThread", "ts": "2026-04-03T16:45:42.669773Z"}}
{"data": {"checksum": "e63134dccc1251cfb572caf0e4aa952f030c125ee3634f3bf2c0a2e1bb6ae349", "profile": "", "target": "", "vars": "{}", "version": "1.11.0b3"}, "info": {"category": "", "code": "I025", "extra": {}, "invocation_id": "77ea09d6-f041-4e3c-bb72-dc1845dbedfd", "level": "debug", "msg": "checksum: e63134dccc1251cfb572caf0e4aa952f030c125ee3634f3bf2c0a2e1bb6ae349, vars: {}, profile: , target: , version: 1.11.0b3", "name": "StateCheckVarsHash", "pid": 3137, "thread": "MainThread", "ts": "2026-04-03T16:45:42.883923Z"}}
{"data": {"reason": "saved manifest not found. Starting full parse."}, "info": {"category": "", "code": "I024", "extra": {}, "invocation_id": "77ea09d6-f041-4e3c-bb72-dc1845dbedfd", "level": "info", "msg": "Unable to do partial parsing because saved manifest not found. Starting full parse.", "name": "UnableToPartialParse", "pid": 3137, "thread": "MainThread", "ts": "2026-04-03T16:45:42.884697Z"}}
{"data": {"kwargs": "{'category': 'dbt', 'action': 'partial_parser', 'label': '77ea09d6-f041-4e3c-bb72-dc1845dbedfd', 'context': [<snowplow_tracker.self_describing_json.SelfDescribingJson object at 0x7fd44ae164f0>]}"}, "info": {"category": "", "code": "Z040", "extra": {}, "invocation_id": "77ea09d6-f041-4e3c-bb72-dc1845dbedfd", "level": "debug", "msg": "Sending event: {'category': 'dbt', 'action': 'partial_parser', 'label': '77ea09d6-f041-4e3c-bb72-dc1845dbedfd', 'context': [<snowplow_tracker.self_describing_json.SelfDescribingJson object at 0x7fd44ae164f0>]}", "name": "SendingEvent", "pid": 3137, "thread": "MainThread", "ts": "2026-04-03T16:45:42.885032Z"}}
{"data": {"test_name": "`not_null` defined on 'stg_airports' in package 'flight_dbt' (models/staging/schema.yml)"}, "info": {"category": "", "code": "D039", "extra": {}, "invocation_id": "77ea09d6-f041-4e3c-bb72-dc1845dbedfd", "level": "warn", "msg": "[\u001b[33mWARNING\u001b[0m][MissingArgumentsPropertyInGenericTestDeprecation]: Deprecated\nfunctionality\nFound top-level arguments to test `not_null` defined on 'stg_airports' in\npackage 'flight_dbt' (models/staging/schema.yml). Arguments to generic tests\nshould be nested under the `arguments` property.", "name": "MissingArgumentsPropertyInGenericTestDeprecation", "pid": 3137, "thread": "MainThread", "ts": "2026-04-03T16:45:43.890845Z"}}
{"data": {"kwargs": "{'category': 'dbt', 'action': 'deprecation', 'label': '77ea09d6-f041-4e3c-bb72-dc1845dbedfd', 'property_': 'warn', 'context': [<snowplow_tracker.self_describing_json.SelfDescribingJson object at 0x7fd41aaadb20>]}"}, "info": {"category": "", "code": "Z040", "extra": {}, "invocation_id": "77ea09d6-f041-4e3c-bb72-dc1845dbedfd", "level": "debug", "msg": "Sending event: {'category': 'dbt', 'action': 'deprecation', 'label': '77ea09d6-f041-4e3c-bb72-dc1845dbedfd', 'property_': 'warn', 'context': [<snowplow_tracker.self_describing_json.SelfDescribingJson object at 0x7fd41aaadb20>]}", "name": "SendingEvent", "pid": 3137, "thread": "MainThread", "ts": "2026-04-03T16:45:43.891421Z"}}
{"data": {"exc": "Parsing Error\n  Invalid sources config given in models/sources/sources.yml @ sources: {'name': 'flights', 'catalog': 'workspace', 'schema': 'flight_analytics', 'tables': [{'name': 'airline'}, {'name': 'airports'}, {'name': 'arrivals'}, {'name': 'cities'}, {'name': 'codeshare'}, {'name': 'countries'}, {'name': 'departure'}, {'name': 'flight_details'}, {'name': 'routes'}]} - at path []: Additional properties are not allowed ('catalog' was unexpected)"}, "info": {"category": "", "code": "Z002", "extra": {}, "invocation_id": "77ea09d6-f041-4e3c-bb72-dc1845dbedfd", "level": "error", "msg": "Encountered an error:\nParsing Error\n  Invalid sources config given in models/sources/sources.yml @ sources: {'name': 'flights', 'catalog': 'workspace', 'schema': 'flight_analytics', 'tables': [{'name': 'airline'}, {'name': 'airports'}, {'name': 'arrivals'}, {'name': 'cities'}, {'name': 'codeshare'}, {'name': 'countries'}, {'name': 'departure'}, {'name': 'flight_details'}, {'name': 'routes'}]} - at path []: Additional properties are not allowed ('catalog' was unexpected)", "name": "MainEncounteredError", "pid": 3137, "thread": "MainThread", "ts": "2026-04-03T16:45:44.234601Z"}}
{"data": {"show_all_hint": true, "summaries": [{"event_code": "D039", "event_name": "MissingArgumentsPropertyInGenericTestDeprecation", "occurrences": 47}]}, "info": {"category": "", "code": "D028", "extra": {}, "invocation_id": "77ea09d6-f041-4e3c-bb72-dc1845dbedfd", "level": "warn", "msg": "[\u001b[33mWARNING\u001b[0m][DeprecationsSummary]: Deprecated functionality\nSummary of encountered deprecations:\n- MissingArgumentsPropertyInGenericTestDeprecation: 47 occurrences\nTo see all deprecation instances instead of just the first occurrence of each,\nrun command again with the `--show-all-deprecations` flag. You may also need to\nrun with `--no-partial-parse` as some deprecations are only encountered during\nparsing.", "name": "DeprecationsSummary", "pid": 3137, "thread": "MainThread", "ts": "2026-04-03T16:45:44.235228Z"}}
{"data": {"command_name": "parse", "command_success": false, "command_wall_clock_time": 3.3244398, "process_in_blocks": "0", "process_kernel_time": 0.398198, "process_mem_max_rss": "366833664", "process_out_blocks": "0", "process_user_time": 3.913222}, "info": {"category": "", "code": "Z051", "extra": {}, "invocation_id": "77ea09d6-f041-4e3c-bb72-dc1845dbedfd", "level": "debug", "msg": "Resource report: {\"command_name\": \"parse\", \"command_success\": false, \"command_wall_clock_time\": 3.3244398, \"process_in_blocks\": \"0\", \"process_kernel_time\": 0.398198, \"process_mem_max_rss\": \"366833664\", \"process_out_blocks\": \"0\", \"process_user_time\": 3.913222}", "name": "ResourceReport", "pid": 3137, "thread": "MainThread", "ts": "2026-04-03T16:45:44.238702Z"}}
{"data": {"command": "dbt parse", "completed_at": "2026-04-03T16:45:44.239145Z", "elapsed": 3.3252633, "success": false}, "info": {"category": "", "code": "Q039", "extra": {}, "invocation_id": "77ea09d6-f041-4e3c-bb72-dc1845dbedfd", "level": "debug", "msg": "Command `dbt parse` failed at 17:45:44.239145 after 3.33 seconds", "name": "CommandCompleted", "pid": 3137, "thread": "MainThread", "ts": "2026-04-03T16:45:44.239434Z"}}
{"data": {"kwargs": "{'category': 'dbt', 'action': 'invocation', 'label': 'end', 'context': [<snowplow_tracker.self_describing_json.SelfDescribingJson object at 0x7fd4187b25b0>, <snowplow_tracker.self_describing_json.SelfDescribingJson object at 0x7fd43acc5340>, <snowplow_tracker.self_describing_json.SelfDescribingJson object at 0x7fd43ac54a30>]}"}, "info": {"category": "", "code": "Z040", "extra": {}, "invocation_id": "77ea09d6-f041-4e3c-bb72-dc1845dbedfd", "level": "debug", "msg": "Sending event: {'category': 'dbt', 'action': 'invocation', 'label': 'end', 'context': [<snowplow_tracker.self_describing_json.SelfDescribingJson object at 0x7fd4187b25b0>, <snowplow_tracker.self_describing_json.SelfDescribingJson object at 0x7fd43acc5340>, <snowplow_tracker.self_describing_json.SelfDescribingJson object at 0x7fd43ac54a30>]}", "name": "SendingEvent", "pid": 3137, "thread": "MainThread", "ts": "2026-04-03T16:45:44.239836Z"}}
{"data": {}, "info": {"category": "", "code": "Z042", "extra": {}, "invocation_id": "77ea09d6-f041-4e3c-bb72-dc1845dbedfd", "level": "debug", "msg": "Flushing usage events", "name": "FlushEvents", "pid": 3137, "thread": "MainThread", "ts": "2026-04-03T16:45:44.240161Z"}}
{"data": {}, "info": {"category": "", "code": "Z043", "extra": {}, "invocation_id": "77ea09d6-f041-4e3c-bb72-dc1845dbedfd", "level": "debug", "msg": "An error was encountered while trying to flush usage events", "name": "FlushEventsFailure", "pid": 3137, "thread": "MainThread", "ts": "2026-04-03T16:45:44.885445Z"}}
[0m17:49:06.996178 [debug] [MainThread]: Sending event: {'category': 'dbt', 'action': 'invocation', 'label': 'start', 'context': [<snowplow_tracker.self_describing_json.SelfDescribingJson object at 0x7f81a8663550>, <snowplow_tracker.self_describing_json.SelfDescribingJson object at 0x7f81a0cb2970>, <snowplow_tracker.self_describing_json.SelfDescribingJson object at 0x7f81a0cb2b50>]}


============================== 17:49:06.999819 | 3154081c-f3ce-4dc3-b621-61a4c09e42c4 ==============================
[0m17:49:06.999819 [info ] [MainThread]: Running with dbt=1.11.0-b3
[0m17:49:07.000248 [debug] [MainThread]: running dbt with arguments {'printer_width': '80', 'use_experimental_parser': 'False', 'partial_parse': 'True', 'send_anonymous_usage_stats': 'True', 'indirect_selection': 'eager', 'version_check': 'True', 'warn_error_options': 'WarnErrorOptionsV2(error=[], warn=[], silence=[])', 'introspect': 'True', 'fail_fast': 'False', 'cache_selected_only': 'False', 'target_path': 'None', 'log_cache_events': 'False', 'log_format': 'default', 'empty': 'None', 'invocation_command': 'dbt debug', 'static_parser': 'True', 'use_colors': 'True', 'write_json': 'True', 'debug': 'False', 'profiles_dir': '/Users/tayfoorahmed/.dbt', 'no_print': 'None', 'quiet': 'False', 'warn_error': 'None', 'log_path': '/Users/tayfoorahmed/Downloads/Programming Languages/SQL/flight-analytics-dbt/logs'}
[0m17:49:07.009641 [info ] [MainThread]: dbt version: 1.11.0-b3
[0m17:49:07.009939 [info ] [MainThread]: python version: 3.9.1
[0m17:49:07.010144 [info ] [MainThread]: python path: /Users/tayfoorahmed/Downloads/Programming Languages/SQL/dbt-env/bin/python3
[0m17:49:07.010338 [info ] [MainThread]: os info: macOS-26.3.1-x86_64-i386-64bit
[0m17:49:08.529929 [info ] [MainThread]: Using profiles dir at /Users/tayfoorahmed/.dbt
[0m17:49:08.530336 [info ] [MainThread]: Using profiles.yml file at /Users/tayfoorahmed/.dbt/profiles.yml
[0m17:49:08.530558 [info ] [MainThread]: Using dbt_project.yml file at /Users/tayfoorahmed/Downloads/Programming Languages/SQL/flight-analytics-dbt/dbt_project.yml
[0m17:49:08.530777 [info ] [MainThread]: adapter type: bigquery
[0m17:49:08.530969 [info ] [MainThread]: adapter version: 1.10.2
[0m17:49:08.606373 [info ] [MainThread]: Configuration:
[0m17:49:08.606754 [info ] [MainThread]:   profiles.yml file [[32mOK found and valid[0m]
[0m17:49:08.606963 [info ] [MainThread]:   dbt_project.yml file [[32mOK found and valid[0m]
[0m17:49:08.607154 [info ] [MainThread]: Required dependencies:
[0m17:49:08.607417 [debug] [MainThread]: Executing "git --help"
[0m17:49:08.650598 [debug] [MainThread]: STDOUT: "b"usage: git [-v | --version] [-h | --help] [-C <path>] [-c <name>=<value>]\n           [--exec-path[=<path>]] [--html-path] [--man-path] [--info-path]\n           [-p | --paginate | -P | --no-pager] [--no-replace-objects] [--bare]\n           [--git-dir=<path>] [--work-tree=<path>] [--namespace=<name>]\n           [--config-env=<name>=<envvar>] <command> [<args>]\n\nThese are common Git commands used in various situations:\n\nstart a working area (see also: git help tutorial)\n   clone     Clone a repository into a new directory\n   init      Create an empty Git repository or reinitialize an existing one\n\nwork on the current change (see also: git help everyday)\n   add       Add file contents to the index\n   mv        Move or rename a file, a directory, or a symlink\n   restore   Restore working tree files\n   rm        Remove files from the working tree and from the index\n\nexamine the history and state (see also: git help revisions)\n   bisect    Use binary search to find the commit that introduced a bug\n   diff      Show changes between commits, commit and working tree, etc\n   grep      Print lines matching a pattern\n   log       Show commit logs\n   show      Show various types of objects\n   status    Show the working tree status\n\ngrow, mark and tweak your common history\n   branch    List, create, or delete branches\n   commit    Record changes to the repository\n   merge     Join two or more development histories together\n   rebase    Reapply commits on top of another base tip\n   reset     Reset current HEAD to the specified state\n   switch    Switch branches\n   tag       Create, list, delete or verify a tag object signed with GPG\n\ncollaborate (see also: git help workflows)\n   fetch     Download objects and refs from another repository\n   pull      Fetch from and integrate with another repository or a local branch\n   push      Update remote refs along with associated objects\n\n'git help -a' and 'git help -g' list available subcommands and some\nconcept guides. See 'git help <command>' or 'git help <concept>'\nto read about a specific subcommand or concept.\nSee 'git help git' for an overview of the system.\n""
[0m17:49:08.651530 [debug] [MainThread]: STDERR: "b''"
[0m17:49:08.651892 [info ] [MainThread]:  - git [[32mOK found[0m]

[0m17:49:08.652157 [info ] [MainThread]: Connection:
[0m17:49:08.652461 [info ] [MainThread]:   method: oauth
[0m17:49:08.652648 [info ] [MainThread]:   database: flight-analytics-dbt
[0m17:49:08.652825 [info ] [MainThread]:   execution_project: flight-analytics-dbt
[0m17:49:08.653002 [info ] [MainThread]:   schema: flights
[0m17:49:08.653177 [info ] [MainThread]:   location: europe-west2
[0m17:49:08.653350 [info ] [MainThread]:   priority: None
[0m17:49:08.653521 [info ] [MainThread]:   maximum_bytes_billed: None
[0m17:49:08.653697 [info ] [MainThread]:   impersonate_service_account: None
[0m17:49:08.653867 [info ] [MainThread]:   job_retry_deadline_seconds: None
[0m17:49:08.654037 [info ] [MainThread]:   job_retries: 1
[0m17:49:08.654209 [info ] [MainThread]:   job_creation_timeout_seconds: None
[0m17:49:08.654384 [info ] [MainThread]:   job_execution_timeout_seconds: 300
[0m17:49:08.654555 [info ] [MainThread]:   timeout_seconds: 300
[0m17:49:08.654726 [info ] [MainThread]:   client_id: None
[0m17:49:08.654895 [info ] [MainThread]:   token_uri: None
[0m17:49:08.655063 [info ] [MainThread]:   compute_region: None
[0m17:49:08.655232 [info ] [MainThread]:   dataproc_cluster_name: None
[0m17:49:08.655471 [info ] [MainThread]:   gcs_bucket: None
[0m17:49:08.655650 [info ] [MainThread]:   dataproc_batch: None
[0m17:49:08.656373 [info ] [MainThread]: Registered adapter: bigquery=1.10.2
[0m17:49:08.865596 [debug] [MainThread]: Acquiring new bigquery connection 'debug'
[0m17:49:08.866154 [debug] [MainThread]: On debug: select 1 as id
[0m17:49:08.866476 [debug] [MainThread]: Opening a new connection, currently in state init
{"data": {"kwargs": "{'category': 'dbt', 'action': 'invocation', 'label': 'start', 'context': [<snowplow_tracker.self_describing_json.SelfDescribingJson object at 0x7fc4d09825b0>, <snowplow_tracker.self_describing_json.SelfDescribingJson object at 0x7fc4900139a0>, <snowplow_tracker.self_describing_json.SelfDescribingJson object at 0x7fc490013b80>]}"}, "info": {"category": "", "code": "Z040", "extra": {}, "invocation_id": "d67178ee-67e8-4614-b129-5f494bcb5eb7", "level": "debug", "msg": "Sending event: {'category': 'dbt', 'action': 'invocation', 'label': 'start', 'context': [<snowplow_tracker.self_describing_json.SelfDescribingJson object at 0x7fc4d09825b0>, <snowplow_tracker.self_describing_json.SelfDescribingJson object at 0x7fc4900139a0>, <snowplow_tracker.self_describing_json.SelfDescribingJson object at 0x7fc490013b80>]}", "name": "SendingEvent", "pid": 5140, "thread": "MainThread", "ts": "2026-04-03T16:49:10.121222Z"}}
{"data": {"log_version": 3, "version": "=1.11.0-b3"}, "info": {"category": "", "code": "A001", "extra": {}, "invocation_id": "d67178ee-67e8-4614-b129-5f494bcb5eb7", "level": "info", "msg": "Running with dbt=1.11.0-b3", "name": "MainReportVersion", "pid": 5140, "thread": "MainThread", "ts": "2026-04-03T16:49:10.125544Z"}}
{"data": {"args": {"cache_selected_only": "False", "debug": "False", "empty": "None", "fail_fast": "False", "indirect_selection": "eager", "introspect": "True", "invocation_command": "dbt parse --log-format json", "log_cache_events": "False", "log_format": "json", "log_path": "/Users/tayfoorahmed/Downloads/Programming Languages/SQL/flight-analytics-dbt/logs", "no_print": "None", "partial_parse": "True", "printer_width": "80", "profiles_dir": "/Users/tayfoorahmed/.dbt", "quiet": "False", "send_anonymous_usage_stats": "True", "static_parser": "True", "target_path": "None", "use_colors": "True", "use_experimental_parser": "False", "version_check": "True", "warn_error": "None", "warn_error_options": "WarnErrorOptionsV2(error=[], warn=[], silence=[])", "write_json": "True"}}, "info": {"category": "", "code": "A002", "extra": {}, "invocation_id": "d67178ee-67e8-4614-b129-5f494bcb5eb7", "level": "debug", "msg": "running dbt with arguments {'indirect_selection': 'eager', 'printer_width': '80', 'log_cache_events': 'False', 'partial_parse': 'True', 'send_anonymous_usage_stats': 'True', 'cache_selected_only': 'False', 'log_path': '/Users/tayfoorahmed/Downloads/Programming Languages/SQL/flight-analytics-dbt/logs', 'write_json': 'True', 'version_check': 'True', 'empty': 'None', 'warn_error_options': 'WarnErrorOptionsV2(error=[], warn=[], silence=[])', 'invocation_command': 'dbt parse --log-format json', 'introspect': 'True', 'quiet': 'False', 'debug': 'False', 'target_path': 'None', 'fail_fast': 'False', 'use_colors': 'True', 'profiles_dir': '/Users/tayfoorahmed/.dbt', 'use_experimental_parser': 'False', 'log_format': 'json', 'no_print': 'None', 'warn_error': 'None', 'static_parser': 'True'}", "name": "MainReportArgs", "pid": 5140, "thread": "MainThread", "ts": "2026-04-03T16:49:10.126115Z"}}
[0m17:49:10.180641 [debug] [MainThread]: BigQuery adapter: https://console.cloud.google.com/bigquery?project=flight-analytics-dbt&j=bq:europe-west2:d77b7ad8-122f-4364-8dec-7b956f4b542e&page=queryresults
[0m17:49:10.625390 [info ] [MainThread]:   Connection test: [[32mOK connection ok[0m]

[0m17:49:10.625810 [info ] [MainThread]: [32mAll checks passed![0m
[0m17:49:10.629888 [debug] [MainThread]: Resource report: {"command_name": "debug", "command_success": true, "command_wall_clock_time": 3.7101357, "process_in_blocks": "0", "process_kernel_time": 0.413857, "process_mem_max_rss": "359411712", "process_out_blocks": "0", "process_user_time": 2.524587}
[0m17:49:10.630315 [debug] [MainThread]: Command `dbt debug` succeeded at 17:49:10.630231 after 3.71 seconds
[0m17:49:10.630703 [debug] [MainThread]: Connection 'debug' was properly closed.
[0m17:49:10.631043 [debug] [MainThread]: Sending event: {'category': 'dbt', 'action': 'invocation', 'label': 'end', 'context': [<snowplow_tracker.self_describing_json.SelfDescribingJson object at 0x7f81a8663550>, <snowplow_tracker.self_describing_json.SelfDescribingJson object at 0x7f81a24ba5b0>, <snowplow_tracker.self_describing_json.SelfDescribingJson object at 0x7f81a24ba790>]}
[0m17:49:10.631388 [debug] [MainThread]: Flushing usage events
[0m17:49:11.525401 [debug] [MainThread]: An error was encountered while trying to flush usage events
{"data": {"kwargs": "{'category': 'dbt', 'action': 'project_id', 'label': 'd67178ee-67e8-4614-b129-5f494bcb5eb7', 'context': [<snowplow_tracker.self_describing_json.SelfDescribingJson object at 0x7fc4a3071940>]}"}, "info": {"category": "", "code": "Z040", "extra": {}, "invocation_id": "d67178ee-67e8-4614-b129-5f494bcb5eb7", "level": "debug", "msg": "Sending event: {'category': 'dbt', 'action': 'project_id', 'label': 'd67178ee-67e8-4614-b129-5f494bcb5eb7', 'context': [<snowplow_tracker.self_describing_json.SelfDescribingJson object at 0x7fc4a3071940>]}", "name": "SendingEvent", "pid": 5140, "thread": "MainThread", "ts": "2026-04-03T16:49:11.795408Z"}}
{"data": {"kwargs": "{'category': 'dbt', 'action': 'adapter_info', 'label': 'd67178ee-67e8-4614-b129-5f494bcb5eb7', 'context': [<snowplow_tracker.self_describing_json.SelfDescribingJson object at 0x7fc4b0db51f0>]}"}, "info": {"category": "", "code": "Z040", "extra": {}, "invocation_id": "d67178ee-67e8-4614-b129-5f494bcb5eb7", "level": "debug", "msg": "Sending event: {'category': 'dbt', 'action': 'adapter_info', 'label': 'd67178ee-67e8-4614-b129-5f494bcb5eb7', 'context': [<snowplow_tracker.self_describing_json.SelfDescribingJson object at 0x7fc4b0db51f0>]}", "name": "SendingEvent", "pid": 5140, "thread": "MainThread", "ts": "2026-04-03T16:49:11.839443Z"}}
{"data": {"adapter_name": "bigquery", "adapter_version": "=1.10.2"}, "info": {"category": "", "code": "E034", "extra": {}, "invocation_id": "d67178ee-67e8-4614-b129-5f494bcb5eb7", "level": "info", "msg": "Registered adapter: bigquery=1.10.2", "name": "AdapterRegistered", "pid": 5140, "thread": "MainThread", "ts": "2026-04-03T16:49:11.840415Z"}}
{"data": {"checksum": "e63134dccc1251cfb572caf0e4aa952f030c125ee3634f3bf2c0a2e1bb6ae349", "profile": "", "target": "", "vars": "{}", "version": "1.11.0b3"}, "info": {"category": "", "code": "I025", "extra": {}, "invocation_id": "d67178ee-67e8-4614-b129-5f494bcb5eb7", "level": "debug", "msg": "checksum: e63134dccc1251cfb572caf0e4aa952f030c125ee3634f3bf2c0a2e1bb6ae349, vars: {}, profile: , target: , version: 1.11.0b3", "name": "StateCheckVarsHash", "pid": 5140, "thread": "MainThread", "ts": "2026-04-03T16:49:12.087306Z"}}
{"data": {"reason": "saved manifest not found. Starting full parse."}, "info": {"category": "", "code": "I024", "extra": {}, "invocation_id": "d67178ee-67e8-4614-b129-5f494bcb5eb7", "level": "info", "msg": "Unable to do partial parsing because saved manifest not found. Starting full parse.", "name": "UnableToPartialParse", "pid": 5140, "thread": "MainThread", "ts": "2026-04-03T16:49:12.088040Z"}}
{"data": {"kwargs": "{'category': 'dbt', 'action': 'partial_parser', 'label': 'd67178ee-67e8-4614-b129-5f494bcb5eb7', 'context': [<snowplow_tracker.self_describing_json.SelfDescribingJson object at 0x7fc4c1f94b20>]}"}, "info": {"category": "", "code": "Z040", "extra": {}, "invocation_id": "d67178ee-67e8-4614-b129-5f494bcb5eb7", "level": "debug", "msg": "Sending event: {'category': 'dbt', 'action': 'partial_parser', 'label': 'd67178ee-67e8-4614-b129-5f494bcb5eb7', 'context': [<snowplow_tracker.self_describing_json.SelfDescribingJson object at 0x7fc4c1f94b20>]}", "name": "SendingEvent", "pid": 5140, "thread": "MainThread", "ts": "2026-04-03T16:49:12.088381Z"}}
{"data": {"test_name": "`not_null` defined on 'stg_airports' in package 'flight_dbt' (models/staging/schema.yml)"}, "info": {"category": "", "code": "D039", "extra": {}, "invocation_id": "d67178ee-67e8-4614-b129-5f494bcb5eb7", "level": "warn", "msg": "[\u001b[33mWARNING\u001b[0m][MissingArgumentsPropertyInGenericTestDeprecation]: Deprecated\nfunctionality\nFound top-level arguments to test `not_null` defined on 'stg_airports' in\npackage 'flight_dbt' (models/staging/schema.yml). Arguments to generic tests\nshould be nested under the `arguments` property.", "name": "MissingArgumentsPropertyInGenericTestDeprecation", "pid": 5140, "thread": "MainThread", "ts": "2026-04-03T16:49:13.121592Z"}}
{"data": {"kwargs": "{'category': 'dbt', 'action': 'deprecation', 'label': 'd67178ee-67e8-4614-b129-5f494bcb5eb7', 'property_': 'warn', 'context': [<snowplow_tracker.self_describing_json.SelfDescribingJson object at 0x7fc4c213eb20>]}"}, "info": {"category": "", "code": "Z040", "extra": {}, "invocation_id": "d67178ee-67e8-4614-b129-5f494bcb5eb7", "level": "debug", "msg": "Sending event: {'category': 'dbt', 'action': 'deprecation', 'label': 'd67178ee-67e8-4614-b129-5f494bcb5eb7', 'property_': 'warn', 'context': [<snowplow_tracker.self_describing_json.SelfDescribingJson object at 0x7fc4c213eb20>]}", "name": "SendingEvent", "pid": 5140, "thread": "MainThread", "ts": "2026-04-03T16:49:13.122134Z"}}
{"data": {"exc": "Parsing Error\n  Invalid sources config given in models/sources/sources.yml @ sources: {'name': 'flights', 'catalog': 'workspace', 'schema': 'flight_analytics', 'tables': [{'name': 'airline'}, {'name': 'airports'}, {'name': 'arrivals'}, {'name': 'cities'}, {'name': 'codeshare'}, {'name': 'countries'}, {'name': 'departure'}, {'name': 'flight_details'}, {'name': 'routes'}]} - at path []: Additional properties are not allowed ('catalog' was unexpected)"}, "info": {"category": "", "code": "Z002", "extra": {}, "invocation_id": "d67178ee-67e8-4614-b129-5f494bcb5eb7", "level": "error", "msg": "Encountered an error:\nParsing Error\n  Invalid sources config given in models/sources/sources.yml @ sources: {'name': 'flights', 'catalog': 'workspace', 'schema': 'flight_analytics', 'tables': [{'name': 'airline'}, {'name': 'airports'}, {'name': 'arrivals'}, {'name': 'cities'}, {'name': 'codeshare'}, {'name': 'countries'}, {'name': 'departure'}, {'name': 'flight_details'}, {'name': 'routes'}]} - at path []: Additional properties are not allowed ('catalog' was unexpected)", "name": "MainEncounteredError", "pid": 5140, "thread": "MainThread", "ts": "2026-04-03T16:49:13.490985Z"}}
{"data": {"show_all_hint": true, "summaries": [{"event_code": "D039", "event_name": "MissingArgumentsPropertyInGenericTestDeprecation", "occurrences": 47}]}, "info": {"category": "", "code": "D028", "extra": {}, "invocation_id": "d67178ee-67e8-4614-b129-5f494bcb5eb7", "level": "warn", "msg": "[\u001b[33mWARNING\u001b[0m][DeprecationsSummary]: Deprecated functionality\nSummary of encountered deprecations:\n- MissingArgumentsPropertyInGenericTestDeprecation: 47 occurrences\nTo see all deprecation instances instead of just the first occurrence of each,\nrun command again with the `--show-all-deprecations` flag. You may also need to\nrun with `--no-partial-parse` as some deprecations are only encountered during\nparsing.", "name": "DeprecationsSummary", "pid": 5140, "thread": "MainThread", "ts": "2026-04-03T16:49:13.491629Z"}}
{"data": {"command_name": "parse", "command_success": false, "command_wall_clock_time": 3.5009768, "process_in_blocks": "0", "process_kernel_time": 0.418017, "process_mem_max_rss": "367271936", "process_out_blocks": "0", "process_user_time": 3.917915}, "info": {"category": "", "code": "Z051", "extra": {}, "invocation_id": "d67178ee-67e8-4614-b129-5f494bcb5eb7", "level": "debug", "msg": "Resource report: {\"command_name\": \"parse\", \"command_success\": false, \"command_wall_clock_time\": 3.5009768, \"process_in_blocks\": \"0\", \"process_kernel_time\": 0.418017, \"process_mem_max_rss\": \"367271936\", \"process_out_blocks\": \"0\", \"process_user_time\": 3.917915}", "name": "ResourceReport", "pid": 5140, "thread": "MainThread", "ts": "2026-04-03T16:49:13.495347Z"}}
{"data": {"command": "dbt parse", "completed_at": "2026-04-03T16:49:13.495773Z", "elapsed": 3.50178, "success": false}, "info": {"category": "", "code": "Q039", "extra": {}, "invocation_id": "d67178ee-67e8-4614-b129-5f494bcb5eb7", "level": "debug", "msg": "Command `dbt parse` failed at 17:49:13.495773 after 3.50 seconds", "name": "CommandCompleted", "pid": 5140, "thread": "MainThread", "ts": "2026-04-03T16:49:13.496031Z"}}
{"data": {"kwargs": "{'category': 'dbt', 'action': 'invocation', 'label': 'end', 'context': [<snowplow_tracker.self_describing_json.SelfDescribingJson object at 0x7fc4d09825b0>, <snowplow_tracker.self_describing_json.SelfDescribingJson object at 0x7fc4d2425340>, <snowplow_tracker.self_describing_json.SelfDescribingJson object at 0x7fc4d23f4a30>]}"}, "info": {"category": "", "code": "Z040", "extra": {}, "invocation_id": "d67178ee-67e8-4614-b129-5f494bcb5eb7", "level": "debug", "msg": "Sending event: {'category': 'dbt', 'action': 'invocation', 'label': 'end', 'context': [<snowplow_tracker.self_describing_json.SelfDescribingJson object at 0x7fc4d09825b0>, <snowplow_tracker.self_describing_json.SelfDescribingJson object at 0x7fc4d2425340>, <snowplow_tracker.self_describing_json.SelfDescribingJson object at 0x7fc4d23f4a30>]}", "name": "SendingEvent", "pid": 5140, "thread": "MainThread", "ts": "2026-04-03T16:49:13.496384Z"}}
{"data": {}, "info": {"category": "", "code": "Z042", "extra": {}, "invocation_id": "d67178ee-67e8-4614-b129-5f494bcb5eb7", "level": "debug", "msg": "Flushing usage events", "name": "FlushEvents", "pid": 5140, "thread": "MainThread", "ts": "2026-04-03T16:49:13.496696Z"}}
{"data": {}, "info": {"category": "", "code": "Z043", "extra": {}, "invocation_id": "d67178ee-67e8-4614-b129-5f494bcb5eb7", "level": "debug", "msg": "An error was encountered while trying to flush usage events", "name": "FlushEventsFailure", "pid": 5140, "thread": "MainThread", "ts": "2026-04-03T16:49:14.141769Z"}}
[0m17:49:42.499954 [debug] [MainThread]: Sending event: {'category': 'dbt', 'action': 'invocation', 'label': 'start', 'context': [<snowplow_tracker.self_describing_json.SelfDescribingJson object at 0x7fd718a72580>, <snowplow_tracker.self_describing_json.SelfDescribingJson object at 0x7fd7310739a0>, <snowplow_tracker.self_describing_json.SelfDescribingJson object at 0x7fd731073b80>]}


============================== 17:49:42.503753 | f9b8dc98-7640-407e-9610-3748e5cf5093 ==============================
[0m17:49:42.503753 [info ] [MainThread]: Running with dbt=1.11.0-b3
[0m17:49:42.504166 [debug] [MainThread]: running dbt with arguments {'profiles_dir': '/Users/tayfoorahmed/.dbt', 'empty': 'None', 'log_path': '/Users/tayfoorahmed/Downloads/Programming Languages/SQL/flight-analytics-dbt/logs', 'log_cache_events': 'False', 'introspect': 'True', 'write_json': 'True', 'partial_parse': 'True', 'target_path': 'None', 'warn_error': 'None', 'debug': 'False', 'log_format': 'default', 'invocation_command': 'dbt init', 'printer_width': '80', 'fail_fast': 'False', 'use_experimental_parser': 'False', 'no_print': 'None', 'use_colors': 'True', 'static_parser': 'True', 'cache_selected_only': 'False', 'indirect_selection': 'eager', 'send_anonymous_usage_stats': 'True', 'version_check': 'True', 'warn_error_options': 'WarnErrorOptionsV2(error=[], warn=[], silence=[])', 'quiet': 'False'}
[0m17:49:42.515539 [info ] [MainThread]: Setting up your profile.
[0m17:50:45.444235 [info ] [MainThread]: Profile flight_dbt written to /Users/tayfoorahmed/.dbt/profiles.yml using target's profile_template.yml and your supplied values. Run 'dbt debug' to validate the connection.
[0m17:50:45.456869 [debug] [MainThread]: Resource report: {"command_name": "init", "command_success": true, "command_wall_clock_time": 63.029465, "process_in_blocks": "0", "process_kernel_time": 0.338061, "process_mem_max_rss": "345559040", "process_out_blocks": "0", "process_user_time": 2.122615}
[0m17:50:45.458613 [debug] [MainThread]: Command `dbt init` succeeded at 17:50:45.457930 after 63.03 seconds
[0m17:50:45.459608 [debug] [MainThread]: Sending event: {'category': 'dbt', 'action': 'invocation', 'label': 'end', 'context': [<snowplow_tracker.self_describing_json.SelfDescribingJson object at 0x7fd718a72580>, <snowplow_tracker.self_describing_json.SelfDescribingJson object at 0x7fd730fda8b0>, <snowplow_tracker.self_describing_json.SelfDescribingJson object at 0x7fd723a63160>]}
[0m17:50:45.460694 [debug] [MainThread]: Flushing usage events
[0m17:50:46.463497 [debug] [MainThread]: An error was encountered while trying to flush usage events
[0m17:51:05.241287 [debug] [MainThread]: Sending event: {'category': 'dbt', 'action': 'invocation', 'label': 'start', 'context': [<snowplow_tracker.self_describing_json.SelfDescribingJson object at 0x7fc558a5a5e0>, <snowplow_tracker.self_describing_json.SelfDescribingJson object at 0x7fc548fba6d0>, <snowplow_tracker.self_describing_json.SelfDescribingJson object at 0x7fc548fba8b0>]}


============================== 17:51:05.245010 | 38b064ea-8128-4164-89bc-9e4334ee2d19 ==============================
[0m17:51:05.245010 [info ] [MainThread]: Running with dbt=1.11.0-b3
[0m17:51:05.245400 [debug] [MainThread]: running dbt with arguments {'use_colors': 'True', 'introspect': 'True', 'send_anonymous_usage_stats': 'True', 'target_path': 'None', 'no_print': 'None', 'profiles_dir': '/Users/tayfoorahmed/.dbt', 'log_path': '/Users/tayfoorahmed/Downloads/Programming Languages/SQL/flight-analytics-dbt/logs', 'write_json': 'True', 'quiet': 'False', 'warn_error_options': 'WarnErrorOptionsV2(error=[], warn=[], silence=[])', 'partial_parse': 'True', 'version_check': 'True', 'fail_fast': 'False', 'log_format': 'default', 'empty': 'None', 'static_parser': 'True', 'warn_error': 'None', 'use_experimental_parser': 'False', 'printer_width': '80', 'invocation_command': 'dbt debug', 'debug': 'False', 'indirect_selection': 'eager', 'cache_selected_only': 'False', 'log_cache_events': 'False'}
[0m17:51:05.253929 [info ] [MainThread]: dbt version: 1.11.0-b3
[0m17:51:05.254421 [info ] [MainThread]: python version: 3.9.1
[0m17:51:05.254659 [info ] [MainThread]: python path: /Users/tayfoorahmed/Downloads/Programming Languages/SQL/dbt-env/bin/python3
[0m17:51:05.254861 [info ] [MainThread]: os info: macOS-26.3.1-x86_64-i386-64bit
[0m17:51:07.146177 [info ] [MainThread]: Using profiles dir at /Users/tayfoorahmed/.dbt
[0m17:51:07.146512 [info ] [MainThread]: Using profiles.yml file at /Users/tayfoorahmed/.dbt/profiles.yml
[0m17:51:07.146704 [info ] [MainThread]: Using dbt_project.yml file at /Users/tayfoorahmed/Downloads/Programming Languages/SQL/flight-analytics-dbt/dbt_project.yml
[0m17:51:07.146897 [info ] [MainThread]: adapter type: bigquery
[0m17:51:07.147066 [info ] [MainThread]: adapter version: 1.10.2
[0m17:51:07.218219 [info ] [MainThread]: Configuration:
[0m17:51:07.218571 [info ] [MainThread]:   profiles.yml file [[32mOK found and valid[0m]
[0m17:51:07.218763 [info ] [MainThread]:   dbt_project.yml file [[32mOK found and valid[0m]
[0m17:51:07.218945 [info ] [MainThread]: Required dependencies:
[0m17:51:07.219185 [debug] [MainThread]: Executing "git --help"
[0m17:51:07.258792 [debug] [MainThread]: STDOUT: "b"usage: git [-v | --version] [-h | --help] [-C <path>] [-c <name>=<value>]\n           [--exec-path[=<path>]] [--html-path] [--man-path] [--info-path]\n           [-p | --paginate | -P | --no-pager] [--no-replace-objects] [--bare]\n           [--git-dir=<path>] [--work-tree=<path>] [--namespace=<name>]\n           [--config-env=<name>=<envvar>] <command> [<args>]\n\nThese are common Git commands used in various situations:\n\nstart a working area (see also: git help tutorial)\n   clone     Clone a repository into a new directory\n   init      Create an empty Git repository or reinitialize an existing one\n\nwork on the current change (see also: git help everyday)\n   add       Add file contents to the index\n   mv        Move or rename a file, a directory, or a symlink\n   restore   Restore working tree files\n   rm        Remove files from the working tree and from the index\n\nexamine the history and state (see also: git help revisions)\n   bisect    Use binary search to find the commit that introduced a bug\n   diff      Show changes between commits, commit and working tree, etc\n   grep      Print lines matching a pattern\n   log       Show commit logs\n   show      Show various types of objects\n   status    Show the working tree status\n\ngrow, mark and tweak your common history\n   branch    List, create, or delete branches\n   commit    Record changes to the repository\n   merge     Join two or more development histories together\n   rebase    Reapply commits on top of another base tip\n   reset     Reset current HEAD to the specified state\n   switch    Switch branches\n   tag       Create, list, delete or verify a tag object signed with GPG\n\ncollaborate (see also: git help workflows)\n   fetch     Download objects and refs from another repository\n   pull      Fetch from and integrate with another repository or a local branch\n   push      Update remote refs along with associated objects\n\n'git help -a' and 'git help -g' list available subcommands and some\nconcept guides. See 'git help <command>' or 'git help <concept>'\nto read about a specific subcommand or concept.\nSee 'git help git' for an overview of the system.\n""
[0m17:51:07.259428 [debug] [MainThread]: STDERR: "b''"
[0m17:51:07.259663 [info ] [MainThread]:  - git [[32mOK found[0m]

[0m17:51:07.259885 [info ] [MainThread]: Connection:
[0m17:51:07.260151 [info ] [MainThread]:   method: oauth
[0m17:51:07.260329 [info ] [MainThread]:   database: flight-analytics-dbt
[0m17:51:07.260500 [info ] [MainThread]:   execution_project: flight-analytics-dbt
[0m17:51:07.260672 [info ] [MainThread]:   schema: flights
[0m17:51:07.260837 [info ] [MainThread]:   location: EU
[0m17:51:07.261000 [info ] [MainThread]:   priority: interactive
[0m17:51:07.261168 [info ] [MainThread]:   maximum_bytes_billed: None
[0m17:51:07.261333 [info ] [MainThread]:   impersonate_service_account: None
[0m17:51:07.261495 [info ] [MainThread]:   job_retry_deadline_seconds: None
[0m17:51:07.261658 [info ] [MainThread]:   job_retries: 1
[0m17:51:07.261820 [info ] [MainThread]:   job_creation_timeout_seconds: None
[0m17:51:07.261983 [info ] [MainThread]:   job_execution_timeout_seconds: 300
[0m17:51:07.262149 [info ] [MainThread]:   timeout_seconds: 300
[0m17:51:07.262309 [info ] [MainThread]:   client_id: None
[0m17:51:07.262470 [info ] [MainThread]:   token_uri: None
[0m17:51:07.262633 [info ] [MainThread]:   compute_region: None
[0m17:51:07.262796 [info ] [MainThread]:   dataproc_cluster_name: None
[0m17:51:07.263040 [info ] [MainThread]:   gcs_bucket: None
[0m17:51:07.263290 [info ] [MainThread]:   dataproc_batch: None
[0m17:51:07.263936 [info ] [MainThread]: Registered adapter: bigquery=1.10.2
[0m17:51:07.459631 [debug] [MainThread]: Acquiring new bigquery connection 'debug'
[0m17:51:07.460117 [debug] [MainThread]: On debug: select 1 as id
[0m17:51:07.460367 [debug] [MainThread]: Opening a new connection, currently in state init
[0m17:51:10.886385 [debug] [MainThread]: BigQuery adapter: https://console.cloud.google.com/bigquery?project=flight-analytics-dbt&j=bq:EU:7a5d27c5-37df-442d-ba22-a32a800cdb10&page=queryresults
[0m17:51:11.276487 [info ] [MainThread]:   Connection test: [[32mOK connection ok[0m]

[0m17:51:11.277968 [info ] [MainThread]: [32mAll checks passed![0m
[0m17:51:11.289177 [debug] [MainThread]: Resource report: {"command_name": "debug", "command_success": true, "command_wall_clock_time": 6.12742, "process_in_blocks": "0", "process_kernel_time": 0.435912, "process_mem_max_rss": "360407040", "process_out_blocks": "0", "process_user_time": 2.354386}
[0m17:51:11.291016 [debug] [MainThread]: Command `dbt debug` succeeded at 17:51:11.290519 after 6.13 seconds
[0m17:51:11.292173 [debug] [MainThread]: Connection 'debug' was properly closed.
[0m17:51:11.293198 [debug] [MainThread]: Sending event: {'category': 'dbt', 'action': 'invocation', 'label': 'end', 'context': [<snowplow_tracker.self_describing_json.SelfDescribingJson object at 0x7fc558a5a5e0>, <snowplow_tracker.self_describing_json.SelfDescribingJson object at 0x7fc56ad2d6a0>, <snowplow_tracker.self_describing_json.SelfDescribingJson object at 0x7fc56ad2d1c0>]}
[0m17:51:11.294085 [debug] [MainThread]: Flushing usage events
[0m17:51:11.935627 [debug] [MainThread]: An error was encountered while trying to flush usage events
[0m17:51:59.449635 [debug] [MainThread]: Sending event: {'category': 'dbt', 'action': 'invocation', 'label': 'start', 'context': [<snowplow_tracker.self_describing_json.SelfDescribingJson object at 0x7fcda889b550>, <snowplow_tracker.self_describing_json.SelfDescribingJson object at 0x7fcd98e3a970>, <snowplow_tracker.self_describing_json.SelfDescribingJson object at 0x7fcd98e3ab50>]}


============================== 17:51:59.453296 | dea15278-19b1-4a70-a820-5b8c14bdafed ==============================
[0m17:51:59.453296 [info ] [MainThread]: Running with dbt=1.11.0-b3
[0m17:51:59.453788 [debug] [MainThread]: running dbt with arguments {'log_format': 'default', 'quiet': 'False', 'log_path': '/Users/tayfoorahmed/Downloads/Programming Languages/SQL/flight-analytics-dbt/logs', 'introspect': 'True', 'indirect_selection': 'eager', 'version_check': 'True', 'use_experimental_parser': 'False', 'no_print': 'None', 'send_anonymous_usage_stats': 'True', 'partial_parse': 'True', 'debug': 'False', 'warn_error': 'None', 'use_colors': 'True', 'log_cache_events': 'False', 'cache_selected_only': 'False', 'profiles_dir': '/Users/tayfoorahmed/.dbt', 'printer_width': '80', 'invocation_command': 'dbt debug', 'warn_error_options': 'WarnErrorOptionsV2(error=[], warn=[], silence=[])', 'write_json': 'True', 'target_path': 'None', 'static_parser': 'True', 'empty': 'None', 'fail_fast': 'False'}
[0m17:51:59.463081 [info ] [MainThread]: dbt version: 1.11.0-b3
[0m17:51:59.463349 [info ] [MainThread]: python version: 3.9.1
[0m17:51:59.463544 [info ] [MainThread]: python path: /Users/tayfoorahmed/Downloads/Programming Languages/SQL/dbt-env/bin/python3
[0m17:51:59.463731 [info ] [MainThread]: os info: macOS-26.3.1-x86_64-i386-64bit
[0m17:52:01.021091 [info ] [MainThread]: Using profiles dir at /Users/tayfoorahmed/.dbt
[0m17:52:01.021446 [info ] [MainThread]: Using profiles.yml file at /Users/tayfoorahmed/.dbt/profiles.yml
[0m17:52:01.021653 [info ] [MainThread]: Using dbt_project.yml file at /Users/tayfoorahmed/Downloads/Programming Languages/SQL/flight-analytics-dbt/dbt_project.yml
[0m17:52:01.021858 [info ] [MainThread]: adapter type: bigquery
[0m17:52:01.022040 [info ] [MainThread]: adapter version: 1.10.2
[0m17:52:01.097211 [info ] [MainThread]: Configuration:
[0m17:52:01.097559 [info ] [MainThread]:   profiles.yml file [[32mOK found and valid[0m]
[0m17:52:01.097776 [info ] [MainThread]:   dbt_project.yml file [[32mOK found and valid[0m]
[0m17:52:01.097980 [info ] [MainThread]: Required dependencies:
[0m17:52:01.098235 [debug] [MainThread]: Executing "git --help"
[0m17:52:01.138155 [debug] [MainThread]: STDOUT: "b"usage: git [-v | --version] [-h | --help] [-C <path>] [-c <name>=<value>]\n           [--exec-path[=<path>]] [--html-path] [--man-path] [--info-path]\n           [-p | --paginate | -P | --no-pager] [--no-replace-objects] [--bare]\n           [--git-dir=<path>] [--work-tree=<path>] [--namespace=<name>]\n           [--config-env=<name>=<envvar>] <command> [<args>]\n\nThese are common Git commands used in various situations:\n\nstart a working area (see also: git help tutorial)\n   clone     Clone a repository into a new directory\n   init      Create an empty Git repository or reinitialize an existing one\n\nwork on the current change (see also: git help everyday)\n   add       Add file contents to the index\n   mv        Move or rename a file, a directory, or a symlink\n   restore   Restore working tree files\n   rm        Remove files from the working tree and from the index\n\nexamine the history and state (see also: git help revisions)\n   bisect    Use binary search to find the commit that introduced a bug\n   diff      Show changes between commits, commit and working tree, etc\n   grep      Print lines matching a pattern\n   log       Show commit logs\n   show      Show various types of objects\n   status    Show the working tree status\n\ngrow, mark and tweak your common history\n   branch    List, create, or delete branches\n   commit    Record changes to the repository\n   merge     Join two or more development histories together\n   rebase    Reapply commits on top of another base tip\n   reset     Reset current HEAD to the specified state\n   switch    Switch branches\n   tag       Create, list, delete or verify a tag object signed with GPG\n\ncollaborate (see also: git help workflows)\n   fetch     Download objects and refs from another repository\n   pull      Fetch from and integrate with another repository or a local branch\n   push      Update remote refs along with associated objects\n\n'git help -a' and 'git help -g' list available subcommands and some\nconcept guides. See 'git help <command>' or 'git help <concept>'\nto read about a specific subcommand or concept.\nSee 'git help git' for an overview of the system.\n""
[0m17:52:01.138851 [debug] [MainThread]: STDERR: "b''"
[0m17:52:01.139102 [info ] [MainThread]:  - git [[32mOK found[0m]

[0m17:52:01.139329 [info ] [MainThread]: Connection:
[0m17:52:01.139626 [info ] [MainThread]:   method: oauth
[0m17:52:01.139813 [info ] [MainThread]:   database: flight-analytics-dbt
[0m17:52:01.139989 [info ] [MainThread]:   execution_project: flight-analytics-dbt
[0m17:52:01.140167 [info ] [MainThread]:   schema: flights
[0m17:52:01.140340 [info ] [MainThread]:   location: EU
[0m17:52:01.140512 [info ] [MainThread]:   priority: interactive
[0m17:52:01.140687 [info ] [MainThread]:   maximum_bytes_billed: None
[0m17:52:01.140859 [info ] [MainThread]:   impersonate_service_account: None
[0m17:52:01.141033 [info ] [MainThread]:   job_retry_deadline_seconds: None
[0m17:52:01.141206 [info ] [MainThread]:   job_retries: 1
[0m17:52:01.141382 [info ] [MainThread]:   job_creation_timeout_seconds: None
[0m17:52:01.141557 [info ] [MainThread]:   job_execution_timeout_seconds: 300
[0m17:52:01.141730 [info ] [MainThread]:   timeout_seconds: 300
[0m17:52:01.141902 [info ] [MainThread]:   client_id: None
[0m17:52:01.142074 [info ] [MainThread]:   token_uri: None
[0m17:52:01.142246 [info ] [MainThread]:   compute_region: None
[0m17:52:01.142418 [info ] [MainThread]:   dataproc_cluster_name: None
[0m17:52:01.142590 [info ] [MainThread]:   gcs_bucket: None
[0m17:52:01.142759 [info ] [MainThread]:   dataproc_batch: None
[0m17:52:01.143362 [info ] [MainThread]: Registered adapter: bigquery=1.10.2
[0m17:52:01.352511 [debug] [MainThread]: Acquiring new bigquery connection 'debug'
[0m17:52:01.353121 [debug] [MainThread]: On debug: select 1 as id
[0m17:52:01.353409 [debug] [MainThread]: Opening a new connection, currently in state init
{"data": {"kwargs": "{'category': 'dbt', 'action': 'invocation', 'label': 'start', 'context': [<snowplow_tracker.self_describing_json.SelfDescribingJson object at 0x7f95708425b0>, <snowplow_tracker.self_describing_json.SelfDescribingJson object at 0x7f9590c5b9a0>, <snowplow_tracker.self_describing_json.SelfDescribingJson object at 0x7f9590c5bb80>]}"}, "info": {"category": "", "code": "Z040", "extra": {}, "invocation_id": "78932e58-bb4e-4e19-8240-df07f79703a0", "level": "debug", "msg": "Sending event: {'category': 'dbt', 'action': 'invocation', 'label': 'start', 'context': [<snowplow_tracker.self_describing_json.SelfDescribingJson object at 0x7f95708425b0>, <snowplow_tracker.self_describing_json.SelfDescribingJson object at 0x7f9590c5b9a0>, <snowplow_tracker.self_describing_json.SelfDescribingJson object at 0x7f9590c5bb80>]}", "name": "SendingEvent", "pid": 6158, "thread": "MainThread", "ts": "2026-04-03T16:52:02.554701Z"}}
{"data": {"log_version": 3, "version": "=1.11.0-b3"}, "info": {"category": "", "code": "A001", "extra": {}, "invocation_id": "78932e58-bb4e-4e19-8240-df07f79703a0", "level": "info", "msg": "Running with dbt=1.11.0-b3", "name": "MainReportVersion", "pid": 6158, "thread": "MainThread", "ts": "2026-04-03T16:52:02.558001Z"}}
{"data": {"args": {"cache_selected_only": "False", "debug": "False", "empty": "None", "fail_fast": "False", "indirect_selection": "eager", "introspect": "True", "invocation_command": "dbt parse --log-format json", "log_cache_events": "False", "log_format": "json", "log_path": "/Users/tayfoorahmed/Downloads/Programming Languages/SQL/flight-analytics-dbt/logs", "no_print": "None", "partial_parse": "True", "printer_width": "80", "profiles_dir": "/Users/tayfoorahmed/.dbt", "quiet": "False", "send_anonymous_usage_stats": "True", "static_parser": "True", "target_path": "None", "use_colors": "True", "use_experimental_parser": "False", "version_check": "True", "warn_error": "None", "warn_error_options": "WarnErrorOptionsV2(error=[], warn=[], silence=[])", "write_json": "True"}}, "info": {"category": "", "code": "A002", "extra": {}, "invocation_id": "78932e58-bb4e-4e19-8240-df07f79703a0", "level": "debug", "msg": "running dbt with arguments {'invocation_command': 'dbt parse --log-format json', 'use_colors': 'True', 'introspect': 'True', 'partial_parse': 'True', 'use_experimental_parser': 'False', 'warn_error': 'None', 'log_path': '/Users/tayfoorahmed/Downloads/Programming Languages/SQL/flight-analytics-dbt/logs', 'log_format': 'json', 'printer_width': '80', 'debug': 'False', 'fail_fast': 'False', 'no_print': 'None', 'log_cache_events': 'False', 'cache_selected_only': 'False', 'quiet': 'False', 'write_json': 'True', 'warn_error_options': 'WarnErrorOptionsV2(error=[], warn=[], silence=[])', 'profiles_dir': '/Users/tayfoorahmed/.dbt', 'target_path': 'None', 'static_parser': 'True', 'indirect_selection': 'eager', 'send_anonymous_usage_stats': 'True', 'version_check': 'True', 'empty': 'None'}", "name": "MainReportArgs", "pid": 6158, "thread": "MainThread", "ts": "2026-04-03T16:52:02.558442Z"}}
[0m17:52:02.823414 [debug] [MainThread]: BigQuery adapter: https://console.cloud.google.com/bigquery?project=flight-analytics-dbt&j=bq:EU:8b658018-5c3f-42d5-8706-a8beb6e26f99&page=queryresults
[0m17:52:03.163468 [info ] [MainThread]:   Connection test: [[32mOK connection ok[0m]

[0m17:52:03.163825 [info ] [MainThread]: [32mAll checks passed![0m
[0m17:52:03.167961 [debug] [MainThread]: Resource report: {"command_name": "debug", "command_success": true, "command_wall_clock_time": 3.7945745, "process_in_blocks": "0", "process_kernel_time": 0.418217, "process_mem_max_rss": "360214528", "process_out_blocks": "0", "process_user_time": 2.50836}
[0m17:52:03.168402 [debug] [MainThread]: Command `dbt debug` succeeded at 17:52:03.168306 after 3.80 seconds
[0m17:52:03.168691 [debug] [MainThread]: Connection 'debug' was properly closed.
[0m17:52:03.168972 [debug] [MainThread]: Sending event: {'category': 'dbt', 'action': 'invocation', 'label': 'end', 'context': [<snowplow_tracker.self_describing_json.SelfDescribingJson object at 0x7fcda889b550>, <snowplow_tracker.self_describing_json.SelfDescribingJson object at 0x7fcdab03da00>, <snowplow_tracker.self_describing_json.SelfDescribingJson object at 0x7fcdab03df10>]}
[0m17:52:03.169310 [debug] [MainThread]: Flushing usage events
[0m17:52:03.956543 [debug] [MainThread]: An error was encountered while trying to flush usage events
{"data": {"kwargs": "{'category': 'dbt', 'action': 'project_id', 'label': '78932e58-bb4e-4e19-8240-df07f79703a0', 'context': [<snowplow_tracker.self_describing_json.SelfDescribingJson object at 0x7f9592079100>]}"}, "info": {"category": "", "code": "Z040", "extra": {}, "invocation_id": "78932e58-bb4e-4e19-8240-df07f79703a0", "level": "debug", "msg": "Sending event: {'category': 'dbt', 'action': 'project_id', 'label': '78932e58-bb4e-4e19-8240-df07f79703a0', 'context': [<snowplow_tracker.self_describing_json.SelfDescribingJson object at 0x7f9592079100>]}", "name": "SendingEvent", "pid": 6158, "thread": "MainThread", "ts": "2026-04-03T16:52:04.052909Z"}}
{"data": {"kwargs": "{'category': 'dbt', 'action': 'adapter_info', 'label': '78932e58-bb4e-4e19-8240-df07f79703a0', 'context': [<snowplow_tracker.self_describing_json.SelfDescribingJson object at 0x7f9590bfd1f0>]}"}, "info": {"category": "", "code": "Z040", "extra": {}, "invocation_id": "78932e58-bb4e-4e19-8240-df07f79703a0", "level": "debug", "msg": "Sending event: {'category': 'dbt', 'action': 'adapter_info', 'label': '78932e58-bb4e-4e19-8240-df07f79703a0', 'context': [<snowplow_tracker.self_describing_json.SelfDescribingJson object at 0x7f9590bfd1f0>]}", "name": "SendingEvent", "pid": 6158, "thread": "MainThread", "ts": "2026-04-03T16:52:04.095607Z"}}
{"data": {"adapter_name": "bigquery", "adapter_version": "=1.10.2"}, "info": {"category": "", "code": "E034", "extra": {}, "invocation_id": "78932e58-bb4e-4e19-8240-df07f79703a0", "level": "info", "msg": "Registered adapter: bigquery=1.10.2", "name": "AdapterRegistered", "pid": 6158, "thread": "MainThread", "ts": "2026-04-03T16:52:04.096428Z"}}
{"data": {"checksum": "e63134dccc1251cfb572caf0e4aa952f030c125ee3634f3bf2c0a2e1bb6ae349", "profile": "", "target": "", "vars": "{}", "version": "1.11.0b3"}, "info": {"category": "", "code": "I025", "extra": {}, "invocation_id": "78932e58-bb4e-4e19-8240-df07f79703a0", "level": "debug", "msg": "checksum: e63134dccc1251cfb572caf0e4aa952f030c125ee3634f3bf2c0a2e1bb6ae349, vars: {}, profile: , target: , version: 1.11.0b3", "name": "StateCheckVarsHash", "pid": 6158, "thread": "MainThread", "ts": "2026-04-03T16:52:04.316883Z"}}
{"data": {"reason": "saved manifest not found. Starting full parse."}, "info": {"category": "", "code": "I024", "extra": {}, "invocation_id": "78932e58-bb4e-4e19-8240-df07f79703a0", "level": "info", "msg": "Unable to do partial parsing because saved manifest not found. Starting full parse.", "name": "UnableToPartialParse", "pid": 6158, "thread": "MainThread", "ts": "2026-04-03T16:52:04.317783Z"}}
{"data": {"kwargs": "{'category': 'dbt', 'action': 'partial_parser', 'label': '78932e58-bb4e-4e19-8240-df07f79703a0', 'context': [<snowplow_tracker.self_describing_json.SelfDescribingJson object at 0x7f9583f7ea60>]}"}, "info": {"category": "", "code": "Z040", "extra": {}, "invocation_id": "78932e58-bb4e-4e19-8240-df07f79703a0", "level": "debug", "msg": "Sending event: {'category': 'dbt', 'action': 'partial_parser', 'label': '78932e58-bb4e-4e19-8240-df07f79703a0', 'context': [<snowplow_tracker.self_describing_json.SelfDescribingJson object at 0x7f9583f7ea60>]}", "name": "SendingEvent", "pid": 6158, "thread": "MainThread", "ts": "2026-04-03T16:52:04.318195Z"}}
{"data": {"test_name": "`not_null` defined on 'stg_airports' in package 'flight_dbt' (models/staging/schema.yml)"}, "info": {"category": "", "code": "D039", "extra": {}, "invocation_id": "78932e58-bb4e-4e19-8240-df07f79703a0", "level": "warn", "msg": "[\u001b[33mWARNING\u001b[0m][MissingArgumentsPropertyInGenericTestDeprecation]: Deprecated\nfunctionality\nFound top-level arguments to test `not_null` defined on 'stg_airports' in\npackage 'flight_dbt' (models/staging/schema.yml). Arguments to generic tests\nshould be nested under the `arguments` property.", "name": "MissingArgumentsPropertyInGenericTestDeprecation", "pid": 6158, "thread": "MainThread", "ts": "2026-04-03T16:52:05.346189Z"}}
{"data": {"kwargs": "{'category': 'dbt', 'action': 'deprecation', 'label': '78932e58-bb4e-4e19-8240-df07f79703a0', 'property_': 'warn', 'context': [<snowplow_tracker.self_describing_json.SelfDescribingJson object at 0x7f957303fee0>]}"}, "info": {"category": "", "code": "Z040", "extra": {}, "invocation_id": "78932e58-bb4e-4e19-8240-df07f79703a0", "level": "debug", "msg": "Sending event: {'category': 'dbt', 'action': 'deprecation', 'label': '78932e58-bb4e-4e19-8240-df07f79703a0', 'property_': 'warn', 'context': [<snowplow_tracker.self_describing_json.SelfDescribingJson object at 0x7f957303fee0>]}", "name": "SendingEvent", "pid": 6158, "thread": "MainThread", "ts": "2026-04-03T16:52:05.346766Z"}}
{"data": {"exc": "Parsing Error\n  Invalid sources config given in models/sources/sources.yml @ sources: {'name': 'flights', 'catalog': 'workspace', 'schema': 'flight_analytics', 'tables': [{'name': 'airline'}, {'name': 'airports'}, {'name': 'arrivals'}, {'name': 'cities'}, {'name': 'codeshare'}, {'name': 'countries'}, {'name': 'departure'}, {'name': 'flight_details'}, {'name': 'routes'}]} - at path []: Additional properties are not allowed ('catalog' was unexpected)"}, "info": {"category": "", "code": "Z002", "extra": {}, "invocation_id": "78932e58-bb4e-4e19-8240-df07f79703a0", "level": "error", "msg": "Encountered an error:\nParsing Error\n  Invalid sources config given in models/sources/sources.yml @ sources: {'name': 'flights', 'catalog': 'workspace', 'schema': 'flight_analytics', 'tables': [{'name': 'airline'}, {'name': 'airports'}, {'name': 'arrivals'}, {'name': 'cities'}, {'name': 'codeshare'}, {'name': 'countries'}, {'name': 'departure'}, {'name': 'flight_details'}, {'name': 'routes'}]} - at path []: Additional properties are not allowed ('catalog' was unexpected)", "name": "MainEncounteredError", "pid": 6158, "thread": "MainThread", "ts": "2026-04-03T16:52:05.690390Z"}}
{"data": {"show_all_hint": true, "summaries": [{"event_code": "D039", "event_name": "MissingArgumentsPropertyInGenericTestDeprecation", "occurrences": 47}]}, "info": {"category": "", "code": "D028", "extra": {}, "invocation_id": "78932e58-bb4e-4e19-8240-df07f79703a0", "level": "warn", "msg": "[\u001b[33mWARNING\u001b[0m][DeprecationsSummary]: Deprecated functionality\nSummary of encountered deprecations:\n- MissingArgumentsPropertyInGenericTestDeprecation: 47 occurrences\nTo see all deprecation instances instead of just the first occurrence of each,\nrun command again with the `--show-all-deprecations` flag. You may also need to\nrun with `--no-partial-parse` as some deprecations are only encountered during\nparsing.", "name": "DeprecationsSummary", "pid": 6158, "thread": "MainThread", "ts": "2026-04-03T16:52:05.690982Z"}}
{"data": {"command_name": "parse", "command_success": false, "command_wall_clock_time": 3.210284, "process_in_blocks": "0", "process_kernel_time": 0.378668, "process_mem_max_rss": "366243840", "process_out_blocks": "0", "process_user_time": 3.711399}, "info": {"category": "", "code": "Z051", "extra": {}, "invocation_id": "78932e58-bb4e-4e19-8240-df07f79703a0", "level": "debug", "msg": "Resource report: {\"command_name\": \"parse\", \"command_success\": false, \"command_wall_clock_time\": 3.210284, \"process_in_blocks\": \"0\", \"process_kernel_time\": 0.378668, \"process_mem_max_rss\": \"366243840\", \"process_out_blocks\": \"0\", \"process_user_time\": 3.711399}", "name": "ResourceReport", "pid": 6158, "thread": "MainThread", "ts": "2026-04-03T16:52:05.694006Z"}}
{"data": {"command": "dbt parse", "completed_at": "2026-04-03T16:52:05.694367Z", "elapsed": 3.2109601, "success": false}, "info": {"category": "", "code": "Q039", "extra": {}, "invocation_id": "78932e58-bb4e-4e19-8240-df07f79703a0", "level": "debug", "msg": "Command `dbt parse` failed at 17:52:05.694367 after 3.21 seconds", "name": "CommandCompleted", "pid": 6158, "thread": "MainThread", "ts": "2026-04-03T16:52:05.694637Z"}}
{"data": {"kwargs": "{'category': 'dbt', 'action': 'invocation', 'label': 'end', 'context': [<snowplow_tracker.self_describing_json.SelfDescribingJson object at 0x7f95708425b0>, <snowplow_tracker.self_describing_json.SelfDescribingJson object at 0x7f9590420610>, <snowplow_tracker.self_describing_json.SelfDescribingJson object at 0x7f95815e5220>]}"}, "info": {"category": "", "code": "Z040", "extra": {}, "invocation_id": "78932e58-bb4e-4e19-8240-df07f79703a0", "level": "debug", "msg": "Sending event: {'category': 'dbt', 'action': 'invocation', 'label': 'end', 'context': [<snowplow_tracker.self_describing_json.SelfDescribingJson object at 0x7f95708425b0>, <snowplow_tracker.self_describing_json.SelfDescribingJson object at 0x7f9590420610>, <snowplow_tracker.self_describing_json.SelfDescribingJson object at 0x7f95815e5220>]}", "name": "SendingEvent", "pid": 6158, "thread": "MainThread", "ts": "2026-04-03T16:52:05.694993Z"}}
{"data": {}, "info": {"category": "", "code": "Z042", "extra": {}, "invocation_id": "78932e58-bb4e-4e19-8240-df07f79703a0", "level": "debug", "msg": "Flushing usage events", "name": "FlushEvents", "pid": 6158, "thread": "MainThread", "ts": "2026-04-03T16:52:05.695289Z"}}
{"data": {}, "info": {"category": "", "code": "Z043", "extra": {}, "invocation_id": "78932e58-bb4e-4e19-8240-df07f79703a0", "level": "debug", "msg": "An error was encountered while trying to flush usage events", "name": "FlushEventsFailure", "pid": 6158, "thread": "MainThread", "ts": "2026-04-03T16:52:06.417196Z"}}
[0m18:12:56.757814 [debug] [MainThread]: Sending event: {'category': 'dbt', 'action': 'invocation', 'label': 'start', 'context': [<snowplow_tracker.self_describing_json.SelfDescribingJson object at 0x7f858080a5b0>, <snowplow_tracker.self_describing_json.SelfDescribingJson object at 0x7f85a127a9a0>, <snowplow_tracker.self_describing_json.SelfDescribingJson object at 0x7f85a127ab80>]}


============================== 18:12:56.761385 | afd46a44-e9c7-4c43-9a30-e9b49b5df991 ==============================
[0m18:12:56.761385 [info ] [MainThread]: Running with dbt=1.11.0-b3
[0m18:12:56.761815 [debug] [MainThread]: running dbt with arguments {'partial_parse': 'True', 'version_check': 'True', 'static_parser': 'True', 'log_format': 'default', 'write_json': 'True', 'introspect': 'True', 'indirect_selection': 'eager', 'send_anonymous_usage_stats': 'True', 'warn_error': 'None', 'printer_width': '80', 'cache_selected_only': 'False', 'debug': 'False', 'target_path': 'None', 'fail_fast': 'False', 'log_cache_events': 'False', 'profiles_dir': '/Users/tayfoorahmed/.dbt', 'empty': 'None', 'no_print': 'None', 'use_experimental_parser': 'False', 'log_path': '/Users/tayfoorahmed/Downloads/Programming Languages/SQL/flight-analytics-dbt/logs', 'use_colors': 'True', 'quiet': 'False', 'invocation_command': 'dbt debug', 'warn_error_options': 'WarnErrorOptionsV2(error=[], warn=[], silence=[])'}
[0m18:12:56.770647 [info ] [MainThread]: dbt version: 1.11.0-b3
[0m18:12:56.770900 [info ] [MainThread]: python version: 3.9.1
[0m18:12:56.771097 [info ] [MainThread]: python path: /Users/tayfoorahmed/Downloads/Programming Languages/SQL/dbt-env/bin/python3
[0m18:12:56.771282 [info ] [MainThread]: os info: macOS-26.3.1-x86_64-i386-64bit
[0m18:12:58.118734 [info ] [MainThread]: Using profiles dir at /Users/tayfoorahmed/.dbt
[0m18:12:58.119085 [info ] [MainThread]: Using profiles.yml file at /Users/tayfoorahmed/.dbt/profiles.yml
[0m18:12:58.119278 [info ] [MainThread]: Using dbt_project.yml file at /Users/tayfoorahmed/Downloads/Programming Languages/SQL/flight-analytics-dbt/dbt_project.yml
[0m18:12:58.119483 [info ] [MainThread]: adapter type: bigquery
[0m18:12:58.119667 [info ] [MainThread]: adapter version: 1.10.2
[0m18:12:58.192795 [info ] [MainThread]: Configuration:
[0m18:12:58.193125 [info ] [MainThread]:   profiles.yml file [[32mOK found and valid[0m]
[0m18:12:58.193323 [info ] [MainThread]:   dbt_project.yml file [[32mOK found and valid[0m]
[0m18:12:58.193507 [info ] [MainThread]: Required dependencies:
[0m18:12:58.193745 [debug] [MainThread]: Executing "git --help"
[0m18:12:58.227489 [debug] [MainThread]: STDOUT: "b"usage: git [-v | --version] [-h | --help] [-C <path>] [-c <name>=<value>]\n           [--exec-path[=<path>]] [--html-path] [--man-path] [--info-path]\n           [-p | --paginate | -P | --no-pager] [--no-replace-objects] [--bare]\n           [--git-dir=<path>] [--work-tree=<path>] [--namespace=<name>]\n           [--config-env=<name>=<envvar>] <command> [<args>]\n\nThese are common Git commands used in various situations:\n\nstart a working area (see also: git help tutorial)\n   clone     Clone a repository into a new directory\n   init      Create an empty Git repository or reinitialize an existing one\n\nwork on the current change (see also: git help everyday)\n   add       Add file contents to the index\n   mv        Move or rename a file, a directory, or a symlink\n   restore   Restore working tree files\n   rm        Remove files from the working tree and from the index\n\nexamine the history and state (see also: git help revisions)\n   bisect    Use binary search to find the commit that introduced a bug\n   diff      Show changes between commits, commit and working tree, etc\n   grep      Print lines matching a pattern\n   log       Show commit logs\n   show      Show various types of objects\n   status    Show the working tree status\n\ngrow, mark and tweak your common history\n   branch    List, create, or delete branches\n   commit    Record changes to the repository\n   merge     Join two or more development histories together\n   rebase    Reapply commits on top of another base tip\n   reset     Reset current HEAD to the specified state\n   switch    Switch branches\n   tag       Create, list, delete or verify a tag object signed with GPG\n\ncollaborate (see also: git help workflows)\n   fetch     Download objects and refs from another repository\n   pull      Fetch from and integrate with another repository or a local branch\n   push      Update remote refs along with associated objects\n\n'git help -a' and 'git help -g' list available subcommands and some\nconcept guides. See 'git help <command>' or 'git help <concept>'\nto read about a specific subcommand or concept.\nSee 'git help git' for an overview of the system.\n""
[0m18:12:58.228144 [debug] [MainThread]: STDERR: "b''"
[0m18:12:58.228391 [info ] [MainThread]:  - git [[32mOK found[0m]

[0m18:12:58.228618 [info ] [MainThread]: Connection:
[0m18:12:58.228896 [info ] [MainThread]:   method: oauth
[0m18:12:58.229078 [info ] [MainThread]:   database: flight-analytics-dbt
[0m18:12:58.229257 [info ] [MainThread]:   execution_project: flight-analytics-dbt
[0m18:12:58.229458 [info ] [MainThread]:   schema: flights
[0m18:12:58.229630 [info ] [MainThread]:   location: EU
[0m18:12:58.229832 [info ] [MainThread]:   priority: interactive
[0m18:12:58.229995 [info ] [MainThread]:   maximum_bytes_billed: None
[0m18:12:58.230163 [info ] [MainThread]:   impersonate_service_account: None
[0m18:12:58.230329 [info ] [MainThread]:   job_retry_deadline_seconds: None
[0m18:12:58.230493 [info ] [MainThread]:   job_retries: 1
[0m18:12:58.230660 [info ] [MainThread]:   job_creation_timeout_seconds: None
[0m18:12:58.230824 [info ] [MainThread]:   job_execution_timeout_seconds: 300
[0m18:12:58.230988 [info ] [MainThread]:   timeout_seconds: 300
[0m18:12:58.231152 [info ] [MainThread]:   client_id: None
[0m18:12:58.231315 [info ] [MainThread]:   token_uri: None
[0m18:12:58.231478 [info ] [MainThread]:   compute_region: None
[0m18:12:58.231645 [info ] [MainThread]:   dataproc_cluster_name: None
[0m18:12:58.231809 [info ] [MainThread]:   gcs_bucket: None
[0m18:12:58.231966 [info ] [MainThread]:   dataproc_batch: None
[0m18:12:58.232537 [info ] [MainThread]: Registered adapter: bigquery=1.10.2
[0m18:12:58.433947 [debug] [MainThread]: Acquiring new bigquery connection 'debug'
[0m18:12:58.434497 [debug] [MainThread]: On debug: select 1 as id
[0m18:12:58.434755 [debug] [MainThread]: Opening a new connection, currently in state init
[0m18:12:59.832342 [debug] [MainThread]: BigQuery adapter: https://console.cloud.google.com/bigquery?project=flight-analytics-dbt&j=bq:EU:bf72ffb8-9015-4655-be13-fe428d33f251&page=queryresults
[0m18:13:00.209164 [info ] [MainThread]:   Connection test: [[32mOK connection ok[0m]

[0m18:13:00.209634 [info ] [MainThread]: [32mAll checks passed![0m
[0m18:13:00.213779 [debug] [MainThread]: Resource report: {"command_name": "debug", "command_success": true, "command_wall_clock_time": 3.528638, "process_in_blocks": "0", "process_kernel_time": 0.363538, "process_mem_max_rss": "358158336", "process_out_blocks": "0", "process_user_time": 2.294583}
[0m18:13:00.214202 [debug] [MainThread]: Command `dbt debug` succeeded at 18:13:00.214105 after 3.53 seconds
[0m18:13:00.214497 [debug] [MainThread]: Connection 'debug' was properly closed.
[0m18:13:00.215028 [debug] [MainThread]: Sending event: {'category': 'dbt', 'action': 'invocation', 'label': 'end', 'context': [<snowplow_tracker.self_describing_json.SelfDescribingJson object at 0x7f858080a5b0>, <snowplow_tracker.self_describing_json.SelfDescribingJson object at 0x7f85b1c50880>, <snowplow_tracker.self_describing_json.SelfDescribingJson object at 0x7f85b1cfdb50>]}
[0m18:13:00.215787 [debug] [MainThread]: Flushing usage events
[0m18:13:01.401864 [debug] [MainThread]: An error was encountered while trying to flush usage events
[0m18:13:03.673811 [debug] [MainThread]: Sending event: {'category': 'dbt', 'action': 'invocation', 'label': 'start', 'context': [<snowplow_tracker.self_describing_json.SelfDescribingJson object at 0x7ff1908ab550>, <snowplow_tracker.self_describing_json.SelfDescribingJson object at 0x7ff180b4a970>, <snowplow_tracker.self_describing_json.SelfDescribingJson object at 0x7ff180b4ab50>]}


============================== 18:13:03.677431 | 1561d5b8-df00-4cbd-b886-9f0b49049a2a ==============================
[0m18:13:03.677431 [info ] [MainThread]: Running with dbt=1.11.0-b3
[0m18:13:03.677863 [debug] [MainThread]: running dbt with arguments {'log_cache_events': 'False', 'warn_error': 'None', 'introspect': 'True', 'use_colors': 'True', 'fail_fast': 'False', 'log_path': '/Users/tayfoorahmed/Downloads/Programming Languages/SQL/flight-analytics-dbt/logs', 'indirect_selection': 'eager', 'version_check': 'True', 'cache_selected_only': 'False', 'send_anonymous_usage_stats': 'True', 'write_json': 'True', 'static_parser': 'True', 'quiet': 'False', 'debug': 'False', 'printer_width': '80', 'empty': 'None', 'partial_parse': 'True', 'no_print': 'None', 'warn_error_options': 'WarnErrorOptionsV2(error=[], warn=[], silence=[])', 'log_format': 'default', 'profiles_dir': '/Users/tayfoorahmed/.dbt', 'target_path': 'None', 'invocation_command': 'dbt debug', 'use_experimental_parser': 'False'}
[0m18:13:03.686776 [info ] [MainThread]: dbt version: 1.11.0-b3
[0m18:13:03.687111 [info ] [MainThread]: python version: 3.9.1
[0m18:13:03.687311 [info ] [MainThread]: python path: /Users/tayfoorahmed/Downloads/Programming Languages/SQL/dbt-env/bin/python3
[0m18:13:03.687504 [info ] [MainThread]: os info: macOS-26.3.1-x86_64-i386-64bit
[0m18:13:05.457003 [info ] [MainThread]: Using profiles dir at /Users/tayfoorahmed/.dbt
[0m18:13:05.457417 [info ] [MainThread]: Using profiles.yml file at /Users/tayfoorahmed/.dbt/profiles.yml
[0m18:13:05.457644 [info ] [MainThread]: Using dbt_project.yml file at /Users/tayfoorahmed/Downloads/Programming Languages/SQL/flight-analytics-dbt/dbt_project.yml
[0m18:13:05.457864 [info ] [MainThread]: adapter type: bigquery
[0m18:13:05.458053 [info ] [MainThread]: adapter version: 1.10.2
[0m18:13:05.542490 [info ] [MainThread]: Configuration:
[0m18:13:05.542867 [info ] [MainThread]:   profiles.yml file [[32mOK found and valid[0m]
[0m18:13:05.543083 [info ] [MainThread]:   dbt_project.yml file [[32mOK found and valid[0m]
[0m18:13:05.543348 [info ] [MainThread]: Required dependencies:
[0m18:13:05.543610 [debug] [MainThread]: Executing "git --help"
[0m18:13:05.578520 [debug] [MainThread]: STDOUT: "b"usage: git [-v | --version] [-h | --help] [-C <path>] [-c <name>=<value>]\n           [--exec-path[=<path>]] [--html-path] [--man-path] [--info-path]\n           [-p | --paginate | -P | --no-pager] [--no-replace-objects] [--bare]\n           [--git-dir=<path>] [--work-tree=<path>] [--namespace=<name>]\n           [--config-env=<name>=<envvar>] <command> [<args>]\n\nThese are common Git commands used in various situations:\n\nstart a working area (see also: git help tutorial)\n   clone     Clone a repository into a new directory\n   init      Create an empty Git repository or reinitialize an existing one\n\nwork on the current change (see also: git help everyday)\n   add       Add file contents to the index\n   mv        Move or rename a file, a directory, or a symlink\n   restore   Restore working tree files\n   rm        Remove files from the working tree and from the index\n\nexamine the history and state (see also: git help revisions)\n   bisect    Use binary search to find the commit that introduced a bug\n   diff      Show changes between commits, commit and working tree, etc\n   grep      Print lines matching a pattern\n   log       Show commit logs\n   show      Show various types of objects\n   status    Show the working tree status\n\ngrow, mark and tweak your common history\n   branch    List, create, or delete branches\n   commit    Record changes to the repository\n   merge     Join two or more development histories together\n   rebase    Reapply commits on top of another base tip\n   reset     Reset current HEAD to the specified state\n   switch    Switch branches\n   tag       Create, list, delete or verify a tag object signed with GPG\n\ncollaborate (see also: git help workflows)\n   fetch     Download objects and refs from another repository\n   pull      Fetch from and integrate with another repository or a local branch\n   push      Update remote refs along with associated objects\n\n'git help -a' and 'git help -g' list available subcommands and some\nconcept guides. See 'git help <command>' or 'git help <concept>'\nto read about a specific subcommand or concept.\nSee 'git help git' for an overview of the system.\n""
[0m18:13:05.579244 [debug] [MainThread]: STDERR: "b''"
[0m18:13:05.579530 [info ] [MainThread]:  - git [[32mOK found[0m]

[0m18:13:05.579776 [info ] [MainThread]: Connection:
[0m18:13:05.580064 [info ] [MainThread]:   method: oauth
[0m18:13:05.580252 [info ] [MainThread]:   database: flight-analytics-dbt
[0m18:13:05.580430 [info ] [MainThread]:   execution_project: flight-analytics-dbt
[0m18:13:05.580605 [info ] [MainThread]:   schema: flights
[0m18:13:05.580776 [info ] [MainThread]:   location: EU
[0m18:13:05.580946 [info ] [MainThread]:   priority: interactive
[0m18:13:05.581121 [info ] [MainThread]:   maximum_bytes_billed: None
[0m18:13:05.581291 [info ] [MainThread]:   impersonate_service_account: None
[0m18:13:05.581461 [info ] [MainThread]:   job_retry_deadline_seconds: None
[0m18:13:05.581633 [info ] [MainThread]:   job_retries: 1
[0m18:13:05.581803 [info ] [MainThread]:   job_creation_timeout_seconds: None
[0m18:13:05.581972 [info ] [MainThread]:   job_execution_timeout_seconds: 300
[0m18:13:05.582141 [info ] [MainThread]:   timeout_seconds: 300
[0m18:13:05.582309 [info ] [MainThread]:   client_id: None
[0m18:13:05.582476 [info ] [MainThread]:   token_uri: None
[0m18:13:05.582645 [info ] [MainThread]:   compute_region: None
[0m18:13:05.582813 [info ] [MainThread]:   dataproc_cluster_name: None
[0m18:13:05.582982 [info ] [MainThread]:   gcs_bucket: None
[0m18:13:05.583150 [info ] [MainThread]:   dataproc_batch: None
[0m18:13:05.583834 [info ] [MainThread]: Registered adapter: bigquery=1.10.2
[0m18:13:05.840340 [debug] [MainThread]: Acquiring new bigquery connection 'debug'
[0m18:13:05.841028 [debug] [MainThread]: On debug: select 1 as id
[0m18:13:05.841957 [debug] [MainThread]: Opening a new connection, currently in state init
[0m18:13:06.606162 [debug] [MainThread]: Sending event: {'category': 'dbt', 'action': 'invocation', 'label': 'start', 'context': [<snowplow_tracker.self_describing_json.SelfDescribingJson object at 0x7f836063a610>, <snowplow_tracker.self_describing_json.SelfDescribingJson object at 0x7f8370c19700>, <snowplow_tracker.self_describing_json.SelfDescribingJson object at 0x7f8370c198e0>]}


============================== 18:13:06.610367 | 3eb5edd5-af2d-4b50-8ed8-803a600bbb5f ==============================
[0m18:13:06.610367 [info ] [MainThread]: Running with dbt=1.11.0-b3
[0m18:13:06.610864 [debug] [MainThread]: running dbt with arguments {'printer_width': '80', 'invocation_command': 'dbt deps', 'indirect_selection': 'eager', 'partial_parse': 'True', 'version_check': 'True', 'use_experimental_parser': 'False', 'quiet': 'False', 'empty': 'None', 'log_format': 'default', 'log_cache_events': 'False', 'log_path': '/Users/tayfoorahmed/Downloads/Programming Languages/SQL/flight-analytics-dbt/logs', 'use_colors': 'True', 'send_anonymous_usage_stats': 'True', 'write_json': 'True', 'cache_selected_only': 'False', 'target_path': 'None', 'profiles_dir': '/Users/tayfoorahmed/.dbt', 'static_parser': 'True', 'warn_error': 'None', 'warn_error_options': 'WarnErrorOptionsV2(error=[], warn=[], silence=[])', 'no_print': 'None', 'introspect': 'True', 'fail_fast': 'False', 'debug': 'False'}
[0m18:13:06.733449 [debug] [MainThread]: Sending event: {'category': 'dbt', 'action': 'project_id', 'label': '3eb5edd5-af2d-4b50-8ed8-803a600bbb5f', 'context': [<snowplow_tracker.self_describing_json.SelfDescribingJson object at 0x7f8370ae4b80>]}
[0m18:13:06.760376 [debug] [MainThread]: Set downloads directory='/var/folders/2d/pn8l4zrj26l3hfl21d8jn_1w0000gn/T/dbt-downloads-63n3a2pv'
[0m18:13:06.760883 [debug] [MainThread]: Making package index registry request: GET https://hub.getdbt.com/api/v1/index.json
[0m18:13:06.855356 [debug] [MainThread]: Response from registry index: GET https://hub.getdbt.com/api/v1/index.json 200
[0m18:13:06.857218 [debug] [MainThread]: Making package registry request: GET https://hub.getdbt.com/api/v1/dbt-labs/dbt_utils.json
[0m18:13:06.934552 [debug] [MainThread]: Response from registry: GET https://hub.getdbt.com/api/v1/dbt-labs/dbt_utils.json 200
[0m18:13:06.939784 [info ] [MainThread]: Installing dbt-labs/dbt_utils
[0m18:13:07.258626 [debug] [MainThread]: BigQuery adapter: https://console.cloud.google.com/bigquery?project=flight-analytics-dbt&j=bq:EU:7bd2be4f-6a25-42cc-af35-5c7c5ceabf26&page=queryresults
[0m18:13:07.324666 [debug] [MainThread]: Sending event: {'category': 'dbt', 'action': 'invocation', 'label': 'start', 'context': [<snowplow_tracker.self_describing_json.SelfDescribingJson object at 0x7ff1d075a5e0>, <snowplow_tracker.self_describing_json.SelfDescribingJson object at 0x7ff2109c1730>, <snowplow_tracker.self_describing_json.SelfDescribingJson object at 0x7ff2109c1910>]}


============================== 18:13:07.328343 | 4eb86480-4a2f-4bef-ac7e-485ac2d28f02 ==============================
[0m18:13:07.328343 [info ] [MainThread]: Running with dbt=1.11.0-b3
[0m18:13:07.328778 [debug] [MainThread]: running dbt with arguments {'partial_parse': 'True', 'invocation_command': 'dbt deps', 'empty': 'None', 'printer_width': '80', 'target_path': 'None', 'fail_fast': 'False', 'debug': 'False', 'log_path': '/Users/tayfoorahmed/Downloads/Programming Languages/SQL/flight-analytics-dbt/logs', 'send_anonymous_usage_stats': 'True', 'warn_error_options': 'WarnErrorOptionsV2(error=[], warn=[], silence=[])', 'cache_selected_only': 'False', 'log_format': 'default', 'version_check': 'True', 'quiet': 'False', 'write_json': 'True', 'static_parser': 'True', 'indirect_selection': 'eager', 'log_cache_events': 'False', 'no_print': 'None', 'use_colors': 'True', 'profiles_dir': '/Users/tayfoorahmed/.dbt', 'introspect': 'True', 'warn_error': 'None', 'use_experimental_parser': 'False'}
[0m18:13:07.412654 [info ] [MainThread]: Installed from version 1.1.1
[0m18:13:07.413016 [info ] [MainThread]: Updated version available: 1.3.3
[0m18:13:07.413414 [debug] [MainThread]: Sending event: {'category': 'dbt', 'action': 'package', 'label': '3eb5edd5-af2d-4b50-8ed8-803a600bbb5f', 'property_': 'install', 'context': [<snowplow_tracker.self_describing_json.SelfDescribingJson object at 0x7f836077f610>, <snowplow_tracker.self_describing_json.SelfDescribingJson object at 0x7f83805bbc70>]}
[0m18:13:07.413774 [info ] [MainThread]: 
[0m18:13:07.414092 [info ] [MainThread]: Updates available for packages: ['dbt-labs/dbt_utils']                 
Update your versions in packages.yml, then run dbt deps
[0m18:13:07.417409 [debug] [MainThread]: Resource report: {"command_name": "deps", "command_success": true, "command_wall_clock_time": 0.9021162, "process_in_blocks": "0", "process_kernel_time": 0.200595, "process_mem_max_rss": "110960640", "process_out_blocks": "0", "process_user_time": 1.265969}
[0m18:13:07.418189 [debug] [MainThread]: Command `dbt deps` succeeded at 18:13:07.417757 after 0.90 seconds
[0m18:13:07.418519 [debug] [MainThread]: Sending event: {'category': 'dbt', 'action': 'invocation', 'label': 'end', 'context': [<snowplow_tracker.self_describing_json.SelfDescribingJson object at 0x7f836063a610>, <snowplow_tracker.self_describing_json.SelfDescribingJson object at 0x7f83709c2130>, <snowplow_tracker.self_describing_json.SelfDescribingJson object at 0x7f836077f610>]}
[0m18:13:07.418804 [debug] [MainThread]: Flushing usage events
[0m18:13:07.430632 [debug] [MainThread]: Sending event: {'category': 'dbt', 'action': 'project_id', 'label': '4eb86480-4a2f-4bef-ac7e-485ac2d28f02', 'context': [<snowplow_tracker.self_describing_json.SelfDescribingJson object at 0x7ff1f16beb80>]}
[0m18:13:07.454434 [debug] [MainThread]: Set downloads directory='/var/folders/2d/pn8l4zrj26l3hfl21d8jn_1w0000gn/T/dbt-downloads-18r647nh'
[0m18:13:07.454950 [debug] [MainThread]: Making package index registry request: GET https://hub.getdbt.com/api/v1/index.json
[0m18:13:07.542097 [debug] [MainThread]: Response from registry index: GET https://hub.getdbt.com/api/v1/index.json 200
[0m18:13:07.543269 [debug] [MainThread]: Making package registry request: GET https://hub.getdbt.com/api/v1/dbt-labs/dbt_utils.json
[0m18:13:07.594184 [info ] [MainThread]:   Connection test: [[32mOK connection ok[0m]

[0m18:13:07.594735 [info ] [MainThread]: [32mAll checks passed![0m
[0m18:13:07.609851 [debug] [MainThread]: Resource report: {"command_name": "debug", "command_success": true, "command_wall_clock_time": 4.0108657, "process_in_blocks": "0", "process_kernel_time": 0.459843, "process_mem_max_rss": "358584320", "process_out_blocks": "0", "process_user_time": 2.809073}
[0m18:13:07.610461 [debug] [MainThread]: Command `dbt debug` succeeded at 18:13:07.610346 after 4.01 seconds
[0m18:13:07.610790 [debug] [MainThread]: Connection 'debug' was properly closed.
[0m18:13:07.611102 [debug] [MainThread]: Sending event: {'category': 'dbt', 'action': 'invocation', 'label': 'end', 'context': [<snowplow_tracker.self_describing_json.SelfDescribingJson object at 0x7ff1908ab550>, <snowplow_tracker.self_describing_json.SelfDescribingJson object at 0x7ff193136760>, <snowplow_tracker.self_describing_json.SelfDescribingJson object at 0x7ff193136f10>]}
[0m18:13:07.611464 [debug] [MainThread]: Flushing usage events
[0m18:13:07.716489 [debug] [MainThread]: Response from registry: GET https://hub.getdbt.com/api/v1/dbt-labs/dbt_utils.json 200
[0m18:13:07.721671 [info ] [MainThread]: Installing dbt-labs/dbt_utils
[0m18:13:08.002367 [info ] [MainThread]: Installed from version 1.1.1
[0m18:13:08.002738 [info ] [MainThread]: Updated version available: 1.3.3
[0m18:13:08.003010 [debug] [MainThread]: Sending event: {'category': 'dbt', 'action': 'package', 'label': '4eb86480-4a2f-4bef-ac7e-485ac2d28f02', 'property_': 'install', 'context': [<snowplow_tracker.self_describing_json.SelfDescribingJson object at 0x7ff1f1710130>, <snowplow_tracker.self_describing_json.SelfDescribingJson object at 0x7ff210ae49d0>]}
[0m18:13:08.003315 [info ] [MainThread]: 
[0m18:13:08.003541 [info ] [MainThread]: Updates available for packages: ['dbt-labs/dbt_utils']                 
Update your versions in packages.yml, then run dbt deps
[0m18:13:08.006101 [debug] [MainThread]: Resource report: {"command_name": "deps", "command_success": true, "command_wall_clock_time": 0.7606647, "process_in_blocks": "0", "process_kernel_time": 0.195946, "process_mem_max_rss": "112635904", "process_out_blocks": "0", "process_user_time": 1.223217}
[0m18:13:08.006649 [debug] [MainThread]: Command `dbt deps` succeeded at 18:13:08.006392 after 0.76 seconds
[0m18:13:08.006920 [debug] [MainThread]: Sending event: {'category': 'dbt', 'action': 'invocation', 'label': 'end', 'context': [<snowplow_tracker.self_describing_json.SelfDescribingJson object at 0x7ff1d075a5e0>, <snowplow_tracker.self_describing_json.SelfDescribingJson object at 0x7ff1f0e27670>, <snowplow_tracker.self_describing_json.SelfDescribingJson object at 0x7ff2103ae430>]}
[0m18:13:08.007181 [debug] [MainThread]: Flushing usage events
[0m18:13:08.052097 [debug] [MainThread]: An error was encountered while trying to flush usage events
[0m18:13:08.472962 [debug] [MainThread]: An error was encountered while trying to flush usage events
[0m18:13:08.983891 [debug] [MainThread]: An error was encountered while trying to flush usage events
{"data": {"kwargs": "{'category': 'dbt', 'action': 'invocation', 'label': 'start', 'context': [<snowplow_tracker.self_describing_json.SelfDescribingJson object at 0x7f9a1871a5b0>, <snowplow_tracker.self_describing_json.SelfDescribingJson object at 0x7f9a385939a0>, <snowplow_tracker.self_describing_json.SelfDescribingJson object at 0x7f9a38593b80>]}"}, "info": {"category": "", "code": "Z040", "extra": {}, "invocation_id": "e201ea05-c1e2-41bd-8fd2-9a0bc8938026", "level": "debug", "msg": "Sending event: {'category': 'dbt', 'action': 'invocation', 'label': 'start', 'context': [<snowplow_tracker.self_describing_json.SelfDescribingJson object at 0x7f9a1871a5b0>, <snowplow_tracker.self_describing_json.SelfDescribingJson object at 0x7f9a385939a0>, <snowplow_tracker.self_describing_json.SelfDescribingJson object at 0x7f9a38593b80>]}", "name": "SendingEvent", "pid": 11876, "thread": "MainThread", "ts": "2026-04-03T17:13:10.134187Z"}}
{"data": {"log_version": 3, "version": "=1.11.0-b3"}, "info": {"category": "", "code": "A001", "extra": {}, "invocation_id": "e201ea05-c1e2-41bd-8fd2-9a0bc8938026", "level": "info", "msg": "Running with dbt=1.11.0-b3", "name": "MainReportVersion", "pid": 11876, "thread": "MainThread", "ts": "2026-04-03T17:13:10.138738Z"}}
{"data": {"args": {"cache_selected_only": "False", "debug": "False", "empty": "None", "fail_fast": "False", "indirect_selection": "eager", "introspect": "True", "invocation_command": "dbt parse --log-format json", "log_cache_events": "False", "log_format": "json", "log_path": "/Users/tayfoorahmed/Downloads/Programming Languages/SQL/flight-analytics-dbt/logs", "no_print": "None", "partial_parse": "True", "printer_width": "80", "profiles_dir": "/Users/tayfoorahmed/.dbt", "quiet": "False", "send_anonymous_usage_stats": "True", "static_parser": "True", "target_path": "None", "use_colors": "True", "use_experimental_parser": "False", "version_check": "True", "warn_error": "None", "warn_error_options": "WarnErrorOptionsV2(error=[], warn=[], silence=[])", "write_json": "True"}}, "info": {"category": "", "code": "A002", "extra": {}, "invocation_id": "e201ea05-c1e2-41bd-8fd2-9a0bc8938026", "level": "debug", "msg": "running dbt with arguments {'log_path': '/Users/tayfoorahmed/Downloads/Programming Languages/SQL/flight-analytics-dbt/logs', 'no_print': 'None', 'debug': 'False', 'log_format': 'json', 'quiet': 'False', 'introspect': 'True', 'static_parser': 'True', 'fail_fast': 'False', 'partial_parse': 'True', 'warn_error': 'None', 'cache_selected_only': 'False', 'log_cache_events': 'False', 'use_experimental_parser': 'False', 'version_check': 'True', 'target_path': 'None', 'warn_error_options': 'WarnErrorOptionsV2(error=[], warn=[], silence=[])', 'empty': 'None', 'invocation_command': 'dbt parse --log-format json', 'printer_width': '80', 'use_colors': 'True', 'write_json': 'True', 'profiles_dir': '/Users/tayfoorahmed/.dbt', 'send_anonymous_usage_stats': 'True', 'indirect_selection': 'eager'}", "name": "MainReportArgs", "pid": 11876, "thread": "MainThread", "ts": "2026-04-03T17:13:10.139352Z"}}
{"data": {"kwargs": "{'category': 'dbt', 'action': 'project_id', 'label': 'e201ea05-c1e2-41bd-8fd2-9a0bc8938026', 'context': [<snowplow_tracker.self_describing_json.SelfDescribingJson object at 0x7f9a290cb370>]}"}, "info": {"category": "", "code": "Z040", "extra": {}, "invocation_id": "e201ea05-c1e2-41bd-8fd2-9a0bc8938026", "level": "debug", "msg": "Sending event: {'category': 'dbt', 'action': 'project_id', 'label': 'e201ea05-c1e2-41bd-8fd2-9a0bc8938026', 'context': [<snowplow_tracker.self_describing_json.SelfDescribingJson object at 0x7f9a290cb370>]}", "name": "SendingEvent", "pid": 11876, "thread": "MainThread", "ts": "2026-04-03T17:13:11.666674Z"}}
{"data": {"kwargs": "{'category': 'dbt', 'action': 'adapter_info', 'label': 'e201ea05-c1e2-41bd-8fd2-9a0bc8938026', 'context': [<snowplow_tracker.self_describing_json.SelfDescribingJson object at 0x7f9a3984ab50>]}"}, "info": {"category": "", "code": "Z040", "extra": {}, "invocation_id": "e201ea05-c1e2-41bd-8fd2-9a0bc8938026", "level": "debug", "msg": "Sending event: {'category': 'dbt', 'action': 'adapter_info', 'label': 'e201ea05-c1e2-41bd-8fd2-9a0bc8938026', 'context': [<snowplow_tracker.self_describing_json.SelfDescribingJson object at 0x7f9a3984ab50>]}", "name": "SendingEvent", "pid": 11876, "thread": "MainThread", "ts": "2026-04-03T17:13:11.707831Z"}}
{"data": {"adapter_name": "bigquery", "adapter_version": "=1.10.2"}, "info": {"category": "", "code": "E034", "extra": {}, "invocation_id": "e201ea05-c1e2-41bd-8fd2-9a0bc8938026", "level": "info", "msg": "Registered adapter: bigquery=1.10.2", "name": "AdapterRegistered", "pid": 11876, "thread": "MainThread", "ts": "2026-04-03T17:13:11.708501Z"}}
{"data": {"checksum": "e63134dccc1251cfb572caf0e4aa952f030c125ee3634f3bf2c0a2e1bb6ae349", "profile": "", "target": "", "vars": "{}", "version": "1.11.0b3"}, "info": {"category": "", "code": "I025", "extra": {}, "invocation_id": "e201ea05-c1e2-41bd-8fd2-9a0bc8938026", "level": "debug", "msg": "checksum: e63134dccc1251cfb572caf0e4aa952f030c125ee3634f3bf2c0a2e1bb6ae349, vars: {}, profile: , target: , version: 1.11.0b3", "name": "StateCheckVarsHash", "pid": 11876, "thread": "MainThread", "ts": "2026-04-03T17:13:11.919733Z"}}
{"data": {"reason": "saved manifest not found. Starting full parse."}, "info": {"category": "", "code": "I024", "extra": {}, "invocation_id": "e201ea05-c1e2-41bd-8fd2-9a0bc8938026", "level": "info", "msg": "Unable to do partial parsing because saved manifest not found. Starting full parse.", "name": "UnableToPartialParse", "pid": 11876, "thread": "MainThread", "ts": "2026-04-03T17:13:11.920514Z"}}
{"data": {"kwargs": "{'category': 'dbt', 'action': 'partial_parser', 'label': 'e201ea05-c1e2-41bd-8fd2-9a0bc8938026', 'context': [<snowplow_tracker.self_describing_json.SelfDescribingJson object at 0x7f9a1b107970>]}"}, "info": {"category": "", "code": "Z040", "extra": {}, "invocation_id": "e201ea05-c1e2-41bd-8fd2-9a0bc8938026", "level": "debug", "msg": "Sending event: {'category': 'dbt', 'action': 'partial_parser', 'label': 'e201ea05-c1e2-41bd-8fd2-9a0bc8938026', 'context': [<snowplow_tracker.self_describing_json.SelfDescribingJson object at 0x7f9a1b107970>]}", "name": "SendingEvent", "pid": 11876, "thread": "MainThread", "ts": "2026-04-03T17:13:11.920876Z"}}
{"data": {"test_name": "`not_null` defined on 'stg_airports' in package 'flight_dbt' (models/staging/schema.yml)"}, "info": {"category": "", "code": "D039", "extra": {}, "invocation_id": "e201ea05-c1e2-41bd-8fd2-9a0bc8938026", "level": "warn", "msg": "[\u001b[33mWARNING\u001b[0m][MissingArgumentsPropertyInGenericTestDeprecation]: Deprecated\nfunctionality\nFound top-level arguments to test `not_null` defined on 'stg_airports' in\npackage 'flight_dbt' (models/staging/schema.yml). Arguments to generic tests\nshould be nested under the `arguments` property.", "name": "MissingArgumentsPropertyInGenericTestDeprecation", "pid": 11876, "thread": "MainThread", "ts": "2026-04-03T17:13:12.903154Z"}}
{"data": {"kwargs": "{'category': 'dbt', 'action': 'deprecation', 'label': 'e201ea05-c1e2-41bd-8fd2-9a0bc8938026', 'property_': 'warn', 'context': [<snowplow_tracker.self_describing_json.SelfDescribingJson object at 0x7f9a1b28f7f0>]}"}, "info": {"category": "", "code": "Z040", "extra": {}, "invocation_id": "e201ea05-c1e2-41bd-8fd2-9a0bc8938026", "level": "debug", "msg": "Sending event: {'category': 'dbt', 'action': 'deprecation', 'label': 'e201ea05-c1e2-41bd-8fd2-9a0bc8938026', 'property_': 'warn', 'context': [<snowplow_tracker.self_describing_json.SelfDescribingJson object at 0x7f9a1b28f7f0>]}", "name": "SendingEvent", "pid": 11876, "thread": "MainThread", "ts": "2026-04-03T17:13:12.903700Z"}}
{"data": {"exc": "Parsing Error\n  Invalid sources config given in models/sources/sources.yml @ sources: {'name': 'flights', 'catalog': 'workspace', 'schema': 'flight_analytics', 'tables': [{'name': 'airline'}, {'name': 'airports'}, {'name': 'arrivals'}, {'name': 'cities'}, {'name': 'codeshare'}, {'name': 'countries'}, {'name': 'departure'}, {'name': 'flight_details'}, {'name': 'routes'}]} - at path []: Additional properties are not allowed ('catalog' was unexpected)"}, "info": {"category": "", "code": "Z002", "extra": {}, "invocation_id": "e201ea05-c1e2-41bd-8fd2-9a0bc8938026", "level": "error", "msg": "Encountered an error:\nParsing Error\n  Invalid sources config given in models/sources/sources.yml @ sources: {'name': 'flights', 'catalog': 'workspace', 'schema': 'flight_analytics', 'tables': [{'name': 'airline'}, {'name': 'airports'}, {'name': 'arrivals'}, {'name': 'cities'}, {'name': 'codeshare'}, {'name': 'countries'}, {'name': 'departure'}, {'name': 'flight_details'}, {'name': 'routes'}]} - at path []: Additional properties are not allowed ('catalog' was unexpected)", "name": "MainEncounteredError", "pid": 11876, "thread": "MainThread", "ts": "2026-04-03T17:13:13.235902Z"}}
{"data": {"show_all_hint": true, "summaries": [{"event_code": "D039", "event_name": "MissingArgumentsPropertyInGenericTestDeprecation", "occurrences": 47}]}, "info": {"category": "", "code": "D028", "extra": {}, "invocation_id": "e201ea05-c1e2-41bd-8fd2-9a0bc8938026", "level": "warn", "msg": "[\u001b[33mWARNING\u001b[0m][DeprecationsSummary]: Deprecated functionality\nSummary of encountered deprecations:\n- MissingArgumentsPropertyInGenericTestDeprecation: 47 occurrences\nTo see all deprecation instances instead of just the first occurrence of each,\nrun command again with the `--show-all-deprecations` flag. You may also need to\nrun with `--no-partial-parse` as some deprecations are only encountered during\nparsing.", "name": "DeprecationsSummary", "pid": 11876, "thread": "MainThread", "ts": "2026-04-03T17:13:13.236550Z"}}
{"data": {"command_name": "parse", "command_success": false, "command_wall_clock_time": 3.1813104, "process_in_blocks": "0", "process_kernel_time": 0.37907, "process_mem_max_rss": "366997504", "process_out_blocks": "0", "process_user_time": 3.681368}, "info": {"category": "", "code": "Z051", "extra": {}, "invocation_id": "e201ea05-c1e2-41bd-8fd2-9a0bc8938026", "level": "debug", "msg": "Resource report: {\"command_name\": \"parse\", \"command_success\": false, \"command_wall_clock_time\": 3.1813104, \"process_in_blocks\": \"0\", \"process_kernel_time\": 0.37907, \"process_mem_max_rss\": \"366997504\", \"process_out_blocks\": \"0\", \"process_user_time\": 3.681368}", "name": "ResourceReport", "pid": 11876, "thread": "MainThread", "ts": "2026-04-03T17:13:13.239734Z"}}
{"data": {"command": "dbt parse", "completed_at": "2026-04-03T17:13:13.240074Z", "elapsed": 3.181972, "success": false}, "info": {"category": "", "code": "Q039", "extra": {}, "invocation_id": "e201ea05-c1e2-41bd-8fd2-9a0bc8938026", "level": "debug", "msg": "Command `dbt parse` failed at 18:13:13.240074 after 3.18 seconds", "name": "CommandCompleted", "pid": 11876, "thread": "MainThread", "ts": "2026-04-03T17:13:13.240327Z"}}
{"data": {"kwargs": "{'category': 'dbt', 'action': 'invocation', 'label': 'end', 'context': [<snowplow_tracker.self_describing_json.SelfDescribingJson object at 0x7f9a1871a5b0>, <snowplow_tracker.self_describing_json.SelfDescribingJson object at 0x7f9a2b5c3f40>, <snowplow_tracker.self_describing_json.SelfDescribingJson object at 0x7f9a2b45d910>]}"}, "info": {"category": "", "code": "Z040", "extra": {}, "invocation_id": "e201ea05-c1e2-41bd-8fd2-9a0bc8938026", "level": "debug", "msg": "Sending event: {'category': 'dbt', 'action': 'invocation', 'label': 'end', 'context': [<snowplow_tracker.self_describing_json.SelfDescribingJson object at 0x7f9a1871a5b0>, <snowplow_tracker.self_describing_json.SelfDescribingJson object at 0x7f9a2b5c3f40>, <snowplow_tracker.self_describing_json.SelfDescribingJson object at 0x7f9a2b45d910>]}", "name": "SendingEvent", "pid": 11876, "thread": "MainThread", "ts": "2026-04-03T17:13:13.240703Z"}}
{"data": {}, "info": {"category": "", "code": "Z042", "extra": {}, "invocation_id": "e201ea05-c1e2-41bd-8fd2-9a0bc8938026", "level": "debug", "msg": "Flushing usage events", "name": "FlushEvents", "pid": 11876, "thread": "MainThread", "ts": "2026-04-03T17:13:13.241011Z"}}
{"data": {}, "info": {"category": "", "code": "Z043", "extra": {}, "invocation_id": "e201ea05-c1e2-41bd-8fd2-9a0bc8938026", "level": "debug", "msg": "An error was encountered while trying to flush usage events", "name": "FlushEventsFailure", "pid": 11876, "thread": "MainThread", "ts": "2026-04-03T17:13:14.149813Z"}}
